IDs,canonical_smiles,IC50
CHEMBL216504,O=C(Nc1cccc(C(=O)Nc2ccc(S(=O)(=O)[O-])c3cc(S(=O)(=O)[O-])cc(S(=O)(=O)[O-])c23)c1)Nc1cccc(C(=O)Nc2ccc(S(=O)(=O)[O-])c3cc(S(=O)(=O)[O-])cc(S(=O)(=O)[O-])c23)c1.[Na+].[Na+].[Na+].[Na+].[Na+].[Na+],100000.0
CHEMBL69234,Cc1nc(/N=N/c2ccc(S(=O)(=O)O)cc2S(=O)(=O)O)c(COP(=O)(O)O)c(C=O)c1O,27500.0
CHEMBL413145,O=C(Nc1cccc(C(=O)Nc2cc(C(=O)Nc3ccc(S(=O)(=O)[O-])c4cc(S(=O)(=O)[O-])cc(S(=O)(=O)[O-])c34)ccc2F)c1)Nc1cccc(C(=O)Nc2cc(C(=O)Nc3ccc(S(=O)(=O)[O-])c4cc(S(=O)(=O)[O-])cc(S(=O)(=O)[O-])c34)ccc2F)c1.[Na+].[Na+].[Na+].[Na+].[Na+].[Na+],1000.0
CHEMBL494161,COc1cc(C(C)C)c(Oc2cnc(NC(CO)CO)nc2N)cc1I,10000.0
CHEMBL526307,COc1cc(C(C)C)c(Oc2cnc(N)nc2N)cc1I,10000.0
CHEMBL605325,CCCc1nc(-c2ccccc2)oc1C(=O)NC(C)CN1CCN(c2ncccn2)CC1,10000.0
CHEMBL599760,CC(=O)N1CCN(C[C@@H](C)NC(=O)c2cc3c(-c4ccccc4)nn(C)c3s2)CC1,10000.0
CHEMBL2180157,O=C(Nc1ccccc1OCCOc1ccccc1NC(=O)c1ccccc1)c1ccccc1,10000.0
CHEMBL2180156,CC(C)[C@@H]1CC[C@@H](C)C[C@H]1OCC(=O)Nc1ccccc1OCCBr,10000.0
CHEMBL2180155,O=C(OCc1ccccc1)N1CCOc2ccccc21,10000.0
CHEMBL2180154,O=C(c1ccccc1)N1CCOc2ccccc21,10000.0
CHEMBL2180153,O=C(N1CCOCC1)N1CCOc2ccccc21,10000.0
CHEMBL2180152,O=C(Nc1ccccc1O)OCc1ccccc1,10000.0
CHEMBL2180151,CC(C)[C@@H]1CC[C@@H](C)C[C@H]1OCC(=O)Nc1ccccc1O,3390.0
CHEMBL229357,O=C(Nc1ccccc1O)c1ccccc1,10000.0
CHEMBL2180150,O=C(Nc1ccccc1O)N1CCOCC1,10000.0
CHEMBL2180149,OC1(c2ccccc2)c2ccccc2N(Cc2ccccc2)c2ccccc21,2440.0
CHEMBL2180148,O=c1c2ccccc2n(Cc2ccc([N+](=O)[O-])cc2)c2ccccc12,2490.0
CHEMBL2180147,Cc1ccc(Cn2c3ccccc3c(=O)c3ccccc32)cc1,11800.0
CHEMBL484675,COc1ccc(Cn2c3ccccc3c(=O)c3ccccc32)cc1,10300.0
CHEMBL451082,O=c1c2ccccc2n(Cc2ccccc2)c2ccccc12,5970.0
CHEMBL2180146,CCN(CC)C(=O)n1c2ccccc2c(=O)c2ccccc21,39100.0
CHEMBL2180145,O=C(c1ccccc1)n1c2ccccc2c(=O)c2ccccc21,26900.0
CHEMBL2180144,Clc1c2ccccc2nc2ccccc12,10000.0
CHEMBL2180143,O=C(SCCc1ccccc1)N1c2ccccc2Oc2ccccc21,10000.0
CHEMBL2180142,O=C(OCCc1ccccc1)N1c2ccccc2Oc2ccccc21,3930.0
CHEMBL2180141,COc1ccc(COC(=O)N2c3ccccc3Oc3ccccc32)cc1,2640.0
CHEMBL2180140,O=C(OCc1ccc([N+](=O)[O-])cc1)N1c2ccccc2Oc2ccccc21,10000.0
CHEMBL2180139,O=C(OCc1ccc(Cl)cc1)N1c2ccccc2Oc2ccccc21,1020.0
CHEMBL2180138,Cc1ccc(COC(=O)N2c3ccccc3Oc3ccccc32)cc1,2280.0
CHEMBL2180137,O=C(OCc1ccccc1)N1c2ccccc2Oc2ccccc21,189.0
CHEMBL2180136,CC(C)OC(=O)N1c2ccccc2Oc2ccccc21,2350.0
CHEMBL2180135,COC(=O)N1c2ccccc2Oc2ccccc21,52300.0
CHEMBL2180178,CN1CCN(C(=O)N2c3ccccc3Oc3ccccc32)CC1,10000.0
CHEMBL2180177,O=C(N1CCCCC1)N1c2ccccc2Oc2ccccc21,10700.0
CHEMBL2180176,O=C(N1CCOCC1)N1c2ccccc2Oc2ccccc21,10000.0
CHEMBL2180175,CC(C)N(C(=O)N1c2ccccc2Oc2ccccc21)C(C)C,12400.0
CHEMBL2180174,CCCN(CCC)C(=O)N1c2ccccc2Oc2ccccc21,2690.0
CHEMBL2180173,CCN(CC)C(=O)N1c2ccccc2Oc2ccccc21,17400.0
CHEMBL2180172,CN(C)C(=O)N1c2ccccc2Oc2ccccc21,24600.0
CHEMBL2180171,O=C(NCCc1ccccc1)N1c2ccccc2Oc2ccccc21,1780.0
CHEMBL2180170,O=C(NCc1cc(Cl)cc(Cl)c1)N1c2ccccc2Oc2ccccc21,10000.0
CHEMBL2180169,O=C(NCc1ccc(Cl)cc1)N1c2ccccc2Oc2ccccc21,9540.0
CHEMBL2180168,O=C(NCc1ccccc1)N1c2ccccc2Oc2ccccc21,10000.0
CHEMBL2180167,CN1CCC(NC(=O)N2c3ccccc3Oc3ccccc32)CC1,45800.0
CHEMBL2180166,CN(C)CCCNC(=O)N1c2ccccc2Oc2ccccc21,10000.0
CHEMBL2180165,O=C(NC1CCCCC1)N1c2ccccc2Oc2ccccc21,10000.0
CHEMBL2180164,CC(C)NC(=O)N1c2ccccc2Oc2ccccc21,10000.0
CHEMBL2180163,CNC(=O)N1c2ccccc2Oc2ccccc21,10000.0
CHEMBL2180162,NC(=O)N1c2ccccc2Oc2ccccc21,10000.0
CHEMBL2180161,O=S(=O)(Cc1ccccc1)N1c2ccccc2Oc2ccccc21,10000.0
CHEMBL2180160,Cc1ccc(S(=O)(=O)N2c3ccccc3Oc3ccccc32)cc1,1380.0
CHEMBL2180159,O=C(Cc1ccccc1)N1c2ccccc2Oc2ccccc21,10000.0
CHEMBL2180158,Nc1ccc(C(=O)N2c3ccccc3Oc3ccccc32)cc1,10800.0
CHEMBL2180185,O=C(c1ccc(Cl)cc1)N1c2ccccc2Oc2ccccc21,5290.0
CHEMBL2180184,O=C(c1ccc([N+](=O)[O-])cc1)N1c2ccccc2Oc2ccccc21,4290.0
CHEMBL2180183,O=C(c1ccccc1)N1c2ccccc2Oc2ccccc21,4110.0
CHEMBL2180182,CC(=O)N1c2ccccc2Oc2ccccc21,10000.0
CHEMBL2180181,O=C(Cl)N1c2ccccc2Oc2ccccc21,23200.0
CHEMBL2180180,c1ccc(CN2c3ccccc3Oc3ccccc32)cc1,10000.0
CHEMBL2180179,O=C1CN=C(c2cccc(Br)c2)c2oc3ccccc3c2N1,500.0
CHEMBL490,Fc1ccc([C@@H]2CCNC[C@H]2COc2ccc3c(c2)OCO3)cc1,1870.0
CHEMBL1163419,Nc1ncnc2c1ncn2[C@@H]1O[C@H](COP(=O)(O)OP(=O)(O)OP(=O)(O)O)[C@H]2OC3(O[C@H]21)C([N+](=O)[O-])=CC(=[N+]([O-])[O-])C=C3[N+](=O)[O-],15200.0
CHEMBL3103368,COC1=Cc2ccccc2N(C(N)=O)c2ccccc21,100000.0
CHEMBL3103367,NC(=O)N1c2ccccc2C=C(N)c2ccccc21,10000.0
CHEMBL3103366,CNC1=Cc2ccccc2N(C(N)=O)c2ccccc21,36900.0
CHEMBL1068,NC(=O)N1c2ccccc2CC(=O)c2ccccc21,10000.0
CHEMBL1359461,CCOC1Cc2ccccc2N(C(N)=O)c2ccccc21,100000.0
CHEMBL87992,CC(=O)O[C@H]1Cc2ccccc2N(C(N)=O)c2ccccc21,20000.0
CHEMBL41543,NC(=O)N1c2ccccc2CCc2ccccc21,100000.0
CHEMBL1067,NC(=O)N1c2ccccc2CC(O)c2ccccc21,100000.0
CHEMBL1258,NC(=O)N1c2ccccc2C2OC2c2ccccc21,10000.0
CHEMBL3103396,NC(=O)N1c2ccccc2C=Cc2cc(O)ccc21,146000.0
CHEMBL3103395,NC(=O)N1c2ccccc2C=Cc2ccc(O)cc21,72800.0
CHEMBL3103394,CCN(CC)C(=O)N1c2ccccc2C=Cc2ccncc21,100000.0
CHEMBL2177626,NC(=O)N1c2ccccc2C=Cc2cc(F)ccc21,100000.0
CHEMBL3103393,CN(C)c1ccc2c(c1)N(C(N)=O)c1ccccc1C=C2,15300.0
CHEMBL3103392,NC(=O)N1c2ccccc2C=Cc2c1ccc1ccccc21,51400.0
CHEMBL3103391,COc1ccc2c(c1)N(C(N)=O)c1ccccc1C=C2,100000.0
CHEMBL3103390,NC(=O)N1c2ccccc2C=Cc2ccc(C(F)(F)F)cc21,54600.0
CHEMBL3103389,NC(=O)N1c2ccccc2C=Cc2ccc(F)cc21,100000.0
CHEMBL3103388,Cc1ccc2c(c1)N(C(N)=O)c1ccccc1C=C2,100000.0
CHEMBL3103387,CCN(CC)C(=O)N1c2ccccc2C=Cc2cccc(C(=O)N(C(C)C)C(C)C)c21,52500.0
CHEMBL3103386,CC(C)N(C(=O)c1cccc2c1Nc1ccccc1C=C2)C(C)C,30600.0
CHEMBL3103385,CC(C)N(C(=O)N1c2ccccc2C=Cc2ccccc21)C(C)C,3440.0
CHEMBL3103384,O=C(Nc1ccncc1)N1c2ccccc2C=Cc2ccccc21,100000.0
CHEMBL3103383,O=C(Nc1ccccc1)N1c2ccccc2C=Cc2ccccc21,100000.0
CHEMBL3103382,NC1CCC(NC(=O)N2c3ccccc3C=Cc3ccccc32)CC1,10000.0
CHEMBL3103381,O=C(NC1CCC(O)CC1)N1c2ccccc2C=Cc2ccccc21,20000.0
CHEMBL3103380,O=C(N1CCC(O)CC1)N1c2ccccc2C=Cc2ccccc21,100000.0
CHEMBL3103379,O=C(N(CCO)CCO)N1c2ccccc2C=Cc2ccccc21,100000.0
CHEMBL3103378,CN1CCC(NC(=O)N2c3ccccc3C=Cc3ccccc32)CC1,100000.0
CHEMBL3103377,CC(C)(C)NC(=O)N1c2ccccc2C=Cc2ccccc21,13800.0
CHEMBL3103376,CN(C)CCN(C)C(=O)N1c2ccccc2C=Cc2ccccc21,100000.0
CHEMBL3103375,CCCN(CCC)C(=O)N1c2ccccc2C=Cc2ccccc21,7780.0
CHEMBL3103374,CCCCNC(=O)N1c2ccccc2C=Cc2ccccc21,100000.0
CHEMBL3103373,CN(C)C(=O)N1c2ccccc2C=Cc2ccccc21,100000.0
CHEMBL3103372,O=C(N1CCCC1)N1c2ccccc2C=Cc2ccccc21,34100.0
CHEMBL3103371,O=C(N1CCCCC1)N1c2ccccc2C=Cc2ccccc21,13700.0
CHEMBL3103370,O=C(NCCc1ccccc1)N1c2ccccc2C=Cc2ccccc21,36200.0
CHEMBL3103369,O=C(NC1CCCCC1)N1c2ccccc2C=Cc2ccccc21,33800.0
CHEMBL3103405,COc1ccc(CCNC(=O)N2c3ccccc3C=Cc3ccccc32)cc1,27400.0
CHEMBL3103404,CC(C)NC(=O)N1c2ccccc2C=Cc2ccccc21,19200.0
CHEMBL1739848,CN(C)CCCNC(=O)N1c2ccccc2C=Cc2ccccc21,100000.0
CHEMBL3103403,O=C(N1CCOCC1)N1c2ccccc2C=Cc2ccccc21,100000.0
CHEMBL1594958,CNC(=O)N1c2ccccc2C=Cc2ccccc21,100000.0
CHEMBL3103402,O=C(NCc1ccccc1)N1c2ccccc2C=Cc2ccccc21,78900.0
CHEMBL1483754,CCN(CC)C(=O)N1c2ccccc2C=Cc2ccccc21,11400.0
CHEMBL3103401,O=C(OCc1ccccc1)N1c2ccccc2C=Cc2ccccc21,6020.0
CHEMBL3103400,CC(C)COC(=O)N1c2ccccc2C=Cc2ccccc21,100000.0
CHEMBL1716713,COC(=O)N1c2ccccc2C=Cc2ccccc21,100000.0
CHEMBL3103399,C1=Cc2ccccc2N(Cc2ccccc2)c2ccccc21,100000.0
CHEMBL3103398,O=C(c1ccccc1)N1c2ccccc2C=Cc2ccccc21,23300.0
CHEMBL3103397,CC(=O)N1c2ccccc2C=Cc2ccccc21,100000.0
CHEMBL108,NC(=O)N1c2ccccc2C=Cc2ccccc21,100000.0
CHEMBL3741992,Cc1cc(Cl)c(OCCO)cc1NC(=O)C1=CNC(=O)C[C@H]1c1ccc(F)cc1,10000.0
CHEMBL4127637,COc1ccc(C(=O)C2=C(O)C(=O)N(c3ccc(-c4ccon4)cc3)C2C2CCCCC2)cc1,30000.0
CHEMBL4463320,NS(=O)(=O)c1cc(NC(=O)Cc2ccccc2Cl)ccc1Oc1ccc(-c2nccs2)cc1,30.0
CHEMBL4561582,NS(=O)(=O)c1cc(NC(=O)Cc2ccccc2Cl)ccc1Oc1ccc(C2CCOC2)cc1,75.0
CHEMBL4438981,NS(=O)(=O)c1cc(NC(=O)Cc2ccccc2Cl)ccc1Oc1cccc(-n2cnnc2)c1,67.0
CHEMBL4579675,CC(=O)Nc1cccc(Oc2ccc(NC(=O)Cc3ccccc3Cl)cc2S(N)(=O)=O)c1,93.0
CHEMBL4569107,NS(=O)(=O)c1cc(NC(=O)Cc2ccccc2Cl)ccc1Oc1ccc(N2CCOCC2=O)cc1,1681.0
CHEMBL4474747,NS(=O)(=O)c1cc(NC(=O)Cc2ccccc2Cl)ccc1Oc1cccc(C(=O)N2CCOCC2)c1,45.0
CHEMBL4451946,NS(=O)(=O)c1cc(NC(=O)Cc2ccccc2Cl)ccc1Oc1cccc(N2CCOCC2=O)c1,163.0
CHEMBL4577125,CC(C)(O)c1ccccc1Oc1ccc(NC(=O)Cc2ccccc2Cl)cc1S(N)(=O)=O,242.0
CHEMBL4455317,CC(C)(O)c1cccc(Oc2ccc(NC(=O)Cc3ccccc3Cl)cc2S(N)(=O)=O)c1,474.0
CHEMBL4539332,CC(C)(O)c1ccc(Oc2ccc(NC(=O)Cc3ccccc3Cl)cc2S(N)(=O)=O)cc1,376.0
CHEMBL4533763,NS(=O)(=O)c1cc(NC(=O)Cc2ccccc2Cl)ccc1Oc1ccccn1,441.0
CHEMBL4541425,NS(=O)(=O)c1cc(NC(=O)Cc2ccccc2Cl)ccc1Oc1cccnc1,193.0
CHEMBL4535761,NS(=O)(=O)c1cc(NC(=O)Cc2ccccc2Cl)ccc1Oc1cncc(Cl)c1,27.0
CHEMBL4455389,NS(=O)(=O)c1cc(NC(=O)Cc2ccccc2Cl)ccc1Oc1cnc(Cl)nc1,2528.0
CHEMBL4462109,Cn1cc(Oc2ccc(NC(=O)Cc3ccccc3Cl)cc2S(N)(=O)=O)cn1,185.0
CHEMBL4539658,NS(=O)(=O)c1cc(NC(=O)Cc2ccccc2Cl)ccc1OC1CCCCC1,39.0
CHEMBL4471140,NS(=O)(=O)c1cc(NC(=O)Cc2ccccc2Cl)ccc1OCc1ccccc1,2.0
CHEMBL4439570,NS(=O)(=O)c1cc(NC(=O)Cc2ccccc2Cl)ccc1OCc1ccccn1,26.0
CHEMBL4563994,NS(=O)(=O)c1cc(NC(=O)Cc2ccccc2Cl)ccc1OCCc1ccccc1,19.0
CHEMBL4589444,NS(=O)(=O)c1cc(NC(=O)Cc2ccccc2Cl)ccc1OCC1CCC1,5.0
CHEMBL4456686,NS(=O)(=O)c1cc(NC(=O)Cc2ccccc2Cl)ccc1OCC1CCO1,784.0
CHEMBL4450002,NS(=O)(=O)c1cc(NC(=O)Cc2ccccc2Cl)ccc1OCC1COCCO1,258.0
CHEMBL4442297,NS(=O)(=O)c1cc(NC(=O)Cc2ccccc2Cl)ccc1OCC1CCOCC1,139.0
CHEMBL4519162,NS(=O)(=O)c1cc(NC(=O)Cc2ccccc2C(F)(F)F)ccc1OCC1CCOCC1,88.0
CHEMBL4469574,NS(=O)(=O)c1cc(NC(=O)Cc2ccccc2C(F)F)ccc1OCC1CCOCC1,111.0
CHEMBL4458990,NS(=O)(=O)c1cc(NC(=O)Cc2ccccc2F)ccc1OCC1CCOCC1,597.0
CHEMBL4517831,NS(=O)(=O)c1cc(NC(=O)Cc2cccc(F)c2Cl)ccc1OCC1CCOCC1,37.0
CHEMBL4443857,NS(=O)(=O)c1cc(NC(=O)Cc2ccc(F)cc2Cl)ccc1OCC1CCOCC1,173.0
CHEMBL4452251,NS(=O)(=O)c1cc(NC(=O)Cc2cc(F)ccc2Cl)ccc1OCC1CCOCC1,84.0
CHEMBL4555657,NS(=O)(=O)c1cc(NC(=O)Cc2c(F)cccc2Cl)ccc1OCC1CCOCC1,13.0
CHEMBL4521594,NS(=O)(=O)c1cc(NC(=O)Cc2ccccc2)ccc1Oc1cccc(Cl)c1,211.0
CHEMBL4579583,COc1cccc(Oc2ccc(NC(=O)Cc3ccccc3Cl)cc2S(N)(=O)=O)c1,8.0
CHEMBL4470126,NS(=O)(=O)c1cc(NC(=O)Cc2ccccc2)ccc1Oc1ccccc1Cl,1250.0
CHEMBL4516176,NS(=O)(=O)c1cc(NC(=O)Cc2ccccc2Cl)ccc1Oc1ccccc1Cl,13.0
CHEMBL4556573,NS(=O)(=O)c1cc(NC(=O)Cc2ccccc2Cl)ccc1Oc1ccccc1,10.0
CHEMBL4570116,NS(=O)(=O)c1cc(NC(=O)Cc2ccc(C(F)(F)F)cc2)ccc1Oc1cccc(Cl)c1,1718.0
CHEMBL4444721,NS(=O)(=O)c1cc(NC(=O)Cc2ccc(Cl)cc2)ccc1Oc1cccc(Cl)c1,345.0
CHEMBL4450779,NS(=O)(=O)c1cc(NC(=O)Cc2ccc(F)cc2)ccc1Oc1cccc(Cl)c1,269.0
CHEMBL4516843,NS(=O)(=O)c1cc(NC(=O)C2(c3ccccc3Cl)CC2)ccc1Oc1cccc(Cl)c1,25000.0
CHEMBL4593104,CC(C(=O)Nc1ccc(Oc2cccc(Cl)c2)c(S(N)(=O)=O)c1)c1ccccc1Cl,134.0
CHEMBL4470995,CC(C(=O)Nc1ccc(Oc2cccc(Cl)c2)c(S(N)(=O)=O)c1)c1ccccc1,1242.0
CHEMBL4521017,NS(=O)(=O)c1cc(NC(=O)Cc2c(Cl)cccc2Cl)ccc1Oc1cccc(Cl)c1,15.0
CHEMBL4447043,NS(=O)(=O)c1cc(NC(=O)Cc2c(F)cccc2Cl)ccc1Oc1cccc(Cl)c1,9.0
CHEMBL4452312,COc1ccccc1CC(=O)Nc1ccc(Oc2cccc(Cl)c2)c(S(N)(=O)=O)c1,2.0
CHEMBL4438327,NS(=O)(=O)c1cc(NC(=O)Cc2ccccc2C(F)(F)F)ccc1Oc1cccc(Cl)c1,24.0
CHEMBL4449416,NS(=O)(=O)c1cc(NC(=O)Cc2ccccc2Cl)ccc1Oc1cccc(Cl)c1,92.0
CHEMBL4516450,NS(=O)(=O)c1cc(NC(=O)Cc2ccccc2F)ccc1Oc1cccc(Cl)c1,76.0
CHEMBL4451276,Cc1ccc(CC(=O)Nc2ccc(Oc3cccc(Cl)c3)c(S(N)(=O)=O)c2)cc1,317.0
CHEMBL4443234,Cc1cccc(CC(=O)Nc2ccc(Oc3cccc(Cl)c3)c(S(N)(=O)=O)c2)c1,52.0
CHEMBL4522504,Cc1ccccc1CC(=O)Nc1ccc(Oc2cccc(Cl)c2)c(S(N)(=O)=O)c1,10.0
CHEMBL4557633,O=C1CC(=O)N(c2ccc(NS(=O)(=O)Cc3ccccc3Cl)cc2)c2ccc3ccccc3c2N1,54.0
CHEMBL4513970,Cc1c(-c2cccc(-c3nnn[nH]3)c2)c2[nH]c3ccccc3c2[nH]c1=O,100.0
CHEMBL1532400,CC(C)c1cc(Br)c(NC(=O)Nc2cccnc2)c(Br)c1,780.0
CHEMBL4464823,O=C(Cc1ccccc1I)Nc1ccc(N2C(=O)CC(=O)Nc3c2ccc2ccccc32)cc1,430.0
CHEMBL4462656,O=C1CC(=O)N(c2cccc(-c3noc(=S)[n-]3)c2)c2ccc3ccccc3c2N1.[Na+],260.0
CHEMBL4525343,N.N.N.N.Nc1ncnc2c1ncn2[C@@H]1O[C@H](COP(=O)(O)OP(=O)(O)OP(=O)(O)O)[C@H]2OC3(CCCCC3)O[C@H]21,29600.0
CHEMBL4463334,N.N.N.N.Nc1ncnc2c1ncn2[C@@H]1O[C@H](COP(=O)(O)OP(=O)(O)OP(=O)(O)O)[C@H]2O[C@@H](c3ccccc3)O[C@H]21,11000.0
CHEMBL4456926,N.N.N.N.Nc1ncnc2c1ncn2[C@@H]1O[C@H](COP(=O)(O)OP(=O)(O)OP(=O)(O)O)[C@H]2O[C@H](c3ccccc3)O[C@H]21,12400.0
CHEMBL4561510,N.N.N.N.Nc1ncnc2c1ncn2[C@@H]1O[C@H](COP(=O)(O)OP(=O)(O)OP(=O)(O)O)[C@H]2OCO[C@H]21,100000.0
CHEMBL4462568,CC1(C)O[C@@H]2[C@H](O1)[C@@H](COP(=O)(O)OP(=O)(O)OP(=O)(O)O)O[C@H]2n1cnc2c(N)ncnc21.N.N.N.N,48000.0
CHEMBL4463578,N.N.N.N.Nc1ncnc2c1ncn2[C@@H]1O[C@H](COP(=O)(O)CP(=O)(O)OP(=O)(O)O)[C@H]2OC3(CCCCC3)O[C@H]21,100000.0
CHEMBL4570607,CC1(C)O[C@@H]2[C@H](O1)[C@@H](COC(=O)c1cc(C(=O)O)c(C(=O)O)cc1C(=O)O)O[C@H]2n1cnc2c(N)ncnc21,30000.0
CHEMBL4440260,CC1(C)O[C@@H]2[C@H](O1)[C@@H](C(=O)N[C@@H](CCC(=O)O)C(=O)O)O[C@H]2n1cnc2c(N)ncnc21,100000.0
CHEMBL536151,O=C(Nc1cc(C(F)(F)F)cc(C(F)(F)F)c1)c1cc(Cl)ccc1O,156.0
CHEMBL461542,O=C(Nc1cc(C(F)(F)F)cc(C(F)(F)F)c1)c1ccccc1O,155.0
CHEMBL2338695,O=C(Nc1cc(C(F)(F)F)cc(C(F)(F)F)c1)c1cccc(Cl)c1O,48.8
CHEMBL2338696,O=C(Nc1cc(C(F)(F)F)cc(C(F)(F)F)c1)c1ccc(Cl)cc1O,209.0
CHEMBL4644398,O=C(Nc1cc(C(F)(F)F)cc(C(F)(F)F)c1)c1cccc(F)c1O,10000.0
CHEMBL2338686,O=C(Nc1cc(C(F)(F)F)cc(C(F)(F)F)c1)c1ccc2ccccc2c1O,729.0
CHEMBL589733,O=C(Nc1cccc(C(F)(F)F)c1)c1cc(Cl)ccc1O,537.0
CHEMBL2088014,O=C(Nc1ccc(C(F)(F)F)cc1)c1cc(Cl)ccc1O,1500.0
CHEMBL4640175,O=C(Nc1cc([N+](=O)[O-])cc(C(F)(F)F)c1)c1cc(Cl)ccc1O,42.6
CHEMBL2179173,O=C(Nc1cc(Cl)cc(Cl)c1)c1cc(Cl)ccc1O,712.0
CHEMBL2179174,O=C(Nc1cc(F)cc(F)c1)c1cc(Cl)ccc1O,155.0
CHEMBL2088011,O=C(Nc1cccc(Cl)c1)c1cc(Cl)ccc1O,135.0
CHEMBL3985699,CC(C)Oc1ccc(Nc2nc(=O)n(CC(C)(C)C(=O)O)c(=O)n2Cc2ccc(Cl)cc2)cc1F,30000.0
CHEMBL4748113,Cc1ccc(Cn2c(Nc3ccc(OC(C)C)c(Cl)c3)nc(=O)n(CCC(=O)O)c2=O)cc1,30000.0
CHEMBL5073093,C[C@@H](Cn1c(=O)[nH]/c(=N\c2ccc(Oc3ccsn3)cc2)n(Cc2ccc(Cl)cc2)c1=O)C(=O)O,30000.0
CHEMBL5084939,C[C@@H](Cn1c(=O)[nH]/c(=N\c2ccc(Oc3ccccn3)cc2)n(Cc2ccc(Cl)cc2)c1=O)C(=O)O,30000.0
CHEMBL5084053,C[C@@H](Cn1c(=O)[nH]/c(=N\c2ccc(Oc3ccnc(F)c3)cc2)n(Cc2ccc(Cl)cc2)c1=O)C(=O)O,30000.0
CHEMBL337395,Nc1ncnc2c1ncn2[C@@H]1O[C@H](COP(=O)(O)OP(=O)(O)OP(=O)(O)O)[C@H]2OC3(O[C@H]21)C([N+](=O)[O-])=CC([N+](=O)[O-])C=C3[N+](=O)[O-],2770.0
CHEMBL5198714,Cc1ccc2ccc3c(c2c1)NC(=O)CC(=O)N3c1cccc(-c2noc(=S)[n-]2)c1.[Na+],17900.0
CHEMBL5183364,Cc1ccc2c3c(ccc2c1)N(c1cccc(-c2noc(=S)[n-]2)c1)C(=O)CC(=O)N3.[Na+],1380.0
CHEMBL5209437,CCN(CC)CC.O=C1CC(=O)N(c2cccc(-c3noc(=S)[nH]3)c2)c2cc(Br)c3ccccc3c2N1,9510.0
CHEMBL5172632,CCN(CC)CC.Cc1ccc2c(Br)cc3c(c2c1)NC(=O)CC(=O)N3c1cccc(-c2noc(=S)[nH]2)c1,11800.0
CHEMBL5196647,CCN(CC)CC.[N-]=[N+]=NCc1ccc2c3c(ccc2c1)N(c1cccc(-c2noc(=S)[nH]2)c1)C(=O)CC(=O)N3,21300.0
CHEMBL5202820,CCN(CC)CC.O=C1CC(=O)N(c2cccc(-c3noc(=S)[nH]3)c2)c2cc(-c3ccccc3)c3ccccc3c2N1,20700.0
CHEMBL5182981,CCN(CC)CC.CCc1cc2c(c3ccccc13)NC(=O)CC(=O)N2c1cccc(-c2noc(=S)[nH]2)c1,5130.0
CHEMBL5200459,CCN(CC)CC.Cc1cc(-c2noc(=S)[nH]2)cc(N2C(=O)CC(=O)Nc3c2ccc2ccccc32)c1,14000.0
CHEMBL5198347,CCN(CC)CC.O=C1CC(=O)N(c2cc(-c3noc(=S)[nH]3)ccn2)c2ccc3ccccc3c2N1,13500.0
CHEMBL5184461,CCN(CC)CC.O=C1CC(=O)N(c2cncc(-c3noc(=S)[nH]3)c2)c2ccc3ccccc3c2N1,14600.0
CHEMBL5179436,CCN(CC)CC.O=C1CC(=O)N(c2ccnc(-c3noc(=S)[nH]3)c2)c2ccc3ccccc3c2N1,503.0
CHEMBL5194243,CCN(CC)CC.O=C1CC(=O)N(c2cccc(-c3noc(=S)[nH]3)n2)c2ccc3ccccc3c2N1,6480.0
CHEMBL5197509,COc1ccc(C(=O)O[C@@H]2[C@H](OC(=O)c3ccc(OC)cc3)[C@@H](COP(=O)(O)OP(=O)(O)OP(=O)(O)O)O[C@H]2n2cnc3c(N)ncnc32)cc1,100000.0
CHEMBL4576110,Nc1ncnc2c1ncn2[C@@H]1O[C@H](COP(=O)(O)OP(=O)(O)OP(=O)(O)O)[C@@H](O)[C@H]1F,2754.23
CHEMBL4582937,Nc1ncnc2c1ncn2[C@@H]1O[C@H](COP(=O)(O)OP(=O)(O)OP(=O)(O)O)[C@@H](O)[C@H]1N,100000.0
CHEMBL3142844,CO[C@@H]1[C@H](O)[C@@H](COP(=O)(O)OP(=O)(O)OP(=O)(O)O)O[C@H]1n1cnc2c(N)ncnc21,100000.0
CHEMBL4441501,Nc1ncnc2c1ncn2[C@@H]1O[C@H](COP(=O)(O)OP(=O)(O)OP(=O)(O)O)[C@@H](O)[C@@H]1O,10471.29
CHEMBL1160555,O=P(O)(O)OP(=O)(O)OP(=O)(O)OC[C@H]1O[C@@H](n2cnc3c(Cl)ncnc32)[C@H](O)[C@@H]1O,100000.0
CHEMBL4583478,O=P(O)(O)OP(=O)(O)OP(=O)(O)OC[C@H]1O[C@@H](n2cnc3c(S)ncnc32)[C@H](O)[C@@H]1O,100000.0
CHEMBL1199042,CNc1ncnc2c1ncn2[C@@H]1O[C@H](COP(=O)(O)OP(=O)(O)OP(=O)(O)O)[C@@H](O)[C@H]1O,100000.0
CHEMBL5171786,CCCCNc1ncnc2c1ncn2[C@@H]1O[C@H](COP(=O)(O)OP(=O)(O)OP(=O)(O)O)[C@@H](O)[C@H]1O,100000.0
CHEMBL5202979,O=P(O)(O)OP(=O)(O)OP(=O)(O)OC[C@H]1O[C@@H](n2cnc3c(Nc4ccccc4)ncnc32)[C@H](O)[C@@H]1O,891.25
CHEMBL5170304,O=P(O)(O)OP(=O)(O)OP(=O)(O)OC[C@H]1O[C@@H](n2cnc3c(NCc4ccccc4)ncnc32)[C@H](O)[C@@H]1O,100000.0
CHEMBL5200154,O=P(O)(O)OP(=O)(O)OP(=O)(O)OC[C@H]1O[C@@H](n2cnc3c2ncn2ccnc32)[C@H](O)[C@@H]1O,100000.0
CHEMBL4567276,[N-]=[N+]=Nc1nc2c(N)ncnc2n1[C@@H]1O[C@H](COP(=O)(O)OP(=O)(O)OP(=O)(O)O)[C@@H](O)[C@H]1O,100000.0
CHEMBL5170556,O=c1[nH]c2cncnc2n1[C@@H]1O[C@H](COP(=O)(O)OP(=O)(O)OP(=O)(O)O)[C@@H](O)[C@H]1O,100000.0
CHEMBL5177316,Nc1ncnc2c1ncn2[C@@H]1O[C@H](COP(=O)(O)OP(=O)(O)OP(=O)(O)O)[C@@H](OC(=O)c2ccccc2)[C@H]1OC(=O)c1ccccc1,100000.0
CHEMBL5183218,Nc1ncnc2c1ncn2[C@@H]1O[C@H](COP(=O)(O)OP(=O)(O)OP(=O)(O)O)[C@@H](OC(=O)c2cccc3ccccc23)[C@H]1OC(=O)c1cccc2ccccc12,6309.57
CHEMBL5174595,O=C(NC(=S)Nc1ccccc1O)C12CC3CC(CC(C3)C1)C2,1084.0
CHEMBL5174645,O=C(NC(=S)Nc1cc(Cl)c(O)c(Cl)c1)C12CC3CC(CC(C3)C1)C2,1282.0
CHEMBL5206955,O=C(NC(=S)Nc1cc(Br)cc(C(F)(F)F)c1)C12CC3CC(CC(C3)C1)C2,4530.0
CHEMBL5184546,NS(=O)(=O)c1ccccc1NC(=S)NC(=O)C12CC3CC(CC(C3)C1)C2,4187.0
CHEMBL5175938,O=C(NC(=S)Nc1cc([N+](=O)[O-])ccc1Cl)C12CC3CC(CC(C3)C1)C2,1290.0
CHEMBL5200337,COc1ccc(NC(=S)NC(=O)C23CC4CC(CC(C4)C2)C3)cc1OC,3461.0
CHEMBL5172961,Cc1ccc(NC(=S)NC(=O)C23CC4CC(CC(C4)C2)C3)c(Br)c1,1562.0
CHEMBL5181561,O=C(NC(=S)Nc1cc(Br)ccc1Br)C12CC3CC(CC(C3)C1)C2,8339.0
CHEMBL5188202,O=C(NC(=S)Nc1cccnc1Cl)C12CC3CC(CC(C3)C1)C2,1274.0
CHEMBL1615626,Cc1cc(/N=N/c2ccc(S(=O)(=O)O)cc2S(=O)(=O)O)c(COP(=O)(O)O)c(C=O)c1O,5250.0
CHEMBL3040216,CC1=CCC(C(=O)/N=C2\CC=C(S(=O)(=O)O)c3cc(S(=O)(=O)O)cc(S(=O)(=O)O)c32)=C/C1=N/C(=O)C1=CC=C/C(=N\C(=O)/N=C2\C=CC=C(C(=O)/N=C3/CC(C(=O)/N=C4\CC=C(S(=O)(=O)O)c5cc(S(=O)(=O)O)cc(S(=O)(=O)O)c54)=CC=C3C)C2)C1,5640.0
CHEMBL5204261,CC(C)c1ccc(NC(=S)NC(=O)C23CC4CC(CC(C4)C2)C3)c(Br)c1,40.0
CHEMBL5188664,CC(=O)N(c1ccn2nccc2c1)c1cc(NC(=O)Cc2c(Cl)cccc2Cl)ccn1,157.0
CHEMBL5204109,CC(=O)N(c1cc(NC(=O)Cc2c(Cl)cccc2Cl)ccn1)c1ccncc1F,171.0
CHEMBL5208843,CC(=O)N(c1ccc2ncoc2c1)c1cc(NC(=O)Cc2c(Cl)cccc2Cl)ccn1,141.0
CHEMBL5208382,CC(=O)N(c1ccc2ncoc2c1)c1cc(NC(=O)Cc2cccc(F)c2Cl)ccn1,143.0
CHEMBL5178725,CC(=O)N(c1ccc2ncoc2c1)c1cc(NC(=O)Cc2ccccc2Cl)ccn1,168.0
CHEMBL5180532,CC(=O)N(c1ccc2ncsc2c1)c1cc(NC(=O)Cc2ccccc2Cl)ccn1,142.0
CHEMBL5191762,O=C(NC(=S)Nc1ccccc1O)c1ccc2c(c1)OCO2,2164.0
CHEMBL5186938,O=C(NC(=S)Nc1ccc(O)cc1)c1ccc2c(c1)OCO2,1447.0
CHEMBL5194724,NS(=O)(=O)c1cccc(NC(=S)NC(=O)c2ccc3c(c2)OCO3)c1,2171.0
CHEMBL5174305,NS(=O)(=O)c1ccc(CCNC(=S)NC(=O)c2ccc3c(c2)OCO3)cc1,1054.0
CHEMBL5172890,O=C(NC(=S)Nc1cc(Br)cc(C(F)(F)F)c1)c1ccc2c(c1)OCO2,18200.0
CHEMBL5200114,O=C(NC(=S)Nc1c(Br)ccc(C(F)(F)F)c1Br)c1ccc2c(c1)OCO2,55.0
CHEMBL5184613,O=C(NC(=S)Nc1cc(Cl)c(O)c(Cl)c1)c1ccc2c(c1)OCO2,7644.0
CHEMBL5173949,COc1ccccc1NC(=S)NC(=O)c1ccc2c(c1)OCO2,3672.0
CHEMBL5208562,O=C(NC(=S)Nc1ccc([N+](=O)[O-])cc1)c1ccc2c(c1)OCO2,3763.0
CHEMBL5177180,O=C(NC(=S)Nc1ccc(Br)cc1)c1ccc2c(c1)OCO2,14260.0
CHEMBL5191639,Cc1cc(Br)ccc1NC(=S)NC(=O)c1ccc2c(c1)OCO2,14260.0
CHEMBL5206892,CC(C)c1ccc(NC(=S)NC(=O)c2ccc3c(c2)OCO3)c(Br)c1,39.0
CHEMBL5205239,O=C(NC(=S)Nc1cccnc1Cl)c1ccc2c(c1)OCO2,935.0
CHEMBL5178892,O=C(NC(=S)Nc1cccc2cccnc12)c1ccc2c(c1)OCO2,908.0
723353,COc1ccccc1Cc1nnnn1-c1ccc(N2C(=O)CC(=O)Nc3c2ccc2ccccc32)cc1, 25.0
723354,O=C1CC(=O)N(c2ccc(-n3nnnc3Cc3ccccc3O)cc2)c2ccc3ccccc3c2N1, 37.0
723393,O=C1CC(=O)N(c2ccc(-n3ccnc3CCc3cccc(F)c3)cc2)c2ccc3c(c2N1)CCC3, 39.0
723356,O=C1CC(=O)N(c2ccc(-n3nnnc3CCc3ccccc3)cc2)c2ccc3ccccc3c2N1, 44.0
723366,O=C1CC(=O)N(c2ccc(-n3ccnc3CCc3cccc(F)c3)cc2)c2ccc3ccccc3c2N1, 51.0
723373,O=C1CC(=O)N(c2ccc(-n3ccnc3CCc3cccc(O)c3)cc2)c2ccc3ccccc3c2N1, 53.0
723386,O=C1CC(=O)N(c2ccc(-n3ccnc3CCc3ccccc3F)cc2)c2ccc3c(c2N1)CCC3, 53.0
723381,COc1cccc(CCc2nccn2-c2ccc(N3C(=O)CC(=O)Nc4c3ccc3c4CCC3)cc2)c1, 74.0
723357,O=C1CC(=O)N(c2ccc(-n3nnnc3Cc3ccccc3O)nc2)c2ccc3ccccc3c2N1, 77.0
723364,O=C1CC(=O)N(c2ccc(-c3nccn3CCc3cccc(O)c3)cc2)c2ccc3ccccc3c2N1, 78.0
723359,O=C1CC(=O)N(c2ccc(-n3ccnc3CCc3ccccc3)cc2)c2ccc3ccccc3c2N1, 78.0
723368,Cc1cccc(C)c1CCc1nccn1-c1ccc(N2C(=O)CC(=O)Nc3c2ccc2ccccc32)cc1, 79.0
723363,COc1cccc(CCn2ccnc2-c2ccc(N3C(=O)CC(=O)Nc4c3ccc3ccccc43)cc2)c1, 82.0
723395,COc1c(F)cccc1CCc1nccn1-c1ccc(N2C(=O)CC(=O)Nc3c2ccc2ccccc32)cc1, 87.0
723382,O=C1CC(=O)N(c2ccc(-n3ccnc3CCc3ccsc3)cc2)c2ccc3ccccc3c2N1, 88.0
723361,O=C1CC(=O)N(c2ccc(-c3nccn3CCc3ccccc3)cc2)c2ccc3ccccc3c2N1, 91.0
723372,COc1cccc(CCc2nccn2-c2ccc(N3C(=O)CC(=O)Nc4c3ccc3ccccc43)cc2)c1, 92.0
723374,CN(C)c1ccccc1Cc1nnnn1-c1ccc(N2C(=O)CC(=O)Nc3c2ccc2ccccc32)cc1, 94.0
723380,NC(=O)c1cccc(CCc2nccn2-c2ccc(N3C(=O)CC(=O)Nc4c3ccc3ccccc43)cc2)c1, 130
723384,O=C1CC(=O)N(c2ccc(-c3nccn3CCc3ccccc3)c(O)c2)c2ccc3ccccc3c2N1, 130
723367,COc1ccccc1CCc1nccn1-c1ccc(N2C(=O)CC(=O)Nc3c2ccc2ccccc32)cc1, 180
723378,N#Cc1ccccc1CCc1nccn1-c1ccc(N2C(=O)CC(=O)Nc3c2ccc2ccccc32)cc1, 190
723365,Cc1cccc(CCc2nnnn2-c2ccc(N3C(=O)CC(=O)Nc4c3ccc3ccccc43)cc2)n1, 270
723362,O=C1CC(=O)N(c2ccc(-c3nccn3Cc3ccc(Cl)cc3)cc2)c2ccc3ccccc3c2N1, 300
723391,O=C1CC(=O)N(c2ccc(-c3cn(CCc4ccccc4)cn3)cc2)c2ccc3ccccc3c2N1, 320
723358,COc1ccccc1Cc1nnnn1-c1ccc(C2=NCC(=O)Nc3c2ccc2ccccc32)cc1, 320
723379,NC(=O)c1ccccc1CCc1nccn1-c1ccc(N2C(=O)CC(=O)Nc3c2ccc2ccccc32)cc1, 340
723355,O=C1CC(=O)N(c2ccc(-n3nnnc3CCc3cccnc3)cc2)c2ccc3ccccc3c2N1, 380
786730,O=C1CC(=O)N(c2ccc(NCc3ccccc3I)cc2)c2ccc3ccccc3c2N1, 430
786734,O=C1CN=C(c2ccc(NS(=O)(=O)Cc3ccccc3Cl)cc2)c2ccc3ccccc3c2N1, 440
723383,COc1cc(N2C(=O)CC(=O)Nc3c2ccc2ccccc32)ccc1-c1nccn1CCc1ccccc1, 520
786728,O=C(Cc1ccccc1Cl)Nc1ccc(N2C(=O)CC(=O)Nc3c2ccc2ccccc32)cc1, 540
723385,O=C1CC(=O)N(c2ccc(-n3ccnc3CCc3ccco3)cc2)c2ccc3ccccc3c2N1, 550
723369,O=C1CC(=O)N(c2ccc(-n3ccnc3CCc3cccc(C(F)(F)F)c3)cc2)c2ccc3ccccc3c2N1, 550
723377,NC(=O)c1ccccc1Cn1ccnc1-c1ccc(N2C(=O)CC(=O)Nc3c2ccc2ccccc32)cc1, 590
723389,O=C1CC(=O)N(c2ccc(-n3ccnc3CCc3ccccn3)cc2)c2ccc3ccccc3c2N1, 590
723370,O=C1CN=C(c2ccc(-n3nnnc3CCc3ccccc3)cc2)c2ccc3ccccc3c2N1, 630
723371,O=C1CN=C(c2ccc(-n3ccnc3CCc3ccccc3)cc2)c2ccc3ccccc3c2N1, 650
723387,O=C1CC(=O)N(c2ccc(-n3ccnc3COc3ccccc3)cc2)c2ccc3ccccc3c2N1, 790
786733,CN(c1ccc(N2C(=O)CC(=O)Nc3c2ccc2c3CCCC2)cc1)S(=O)(=O)Cc1ccccc1Cl, 970
786729,O=C1CC(=O)N(c2ccc(NC(=O)Nc3ccccc3)cc2)c2ccc3ccccc3c2N1, 1200
723394,O=C1CC(=O)N(c2ccc(-n3ccnc3CNc3ccccc3)cc2)c2ccc3ccccc3c2N1, 1300
723376,COc1ccccc1-c1nccn1-c1ccc(N2C(=O)CC(=O)Nc3c2ccc2ccccc32)cc1, 1700
786731,O=C(Cc1ccccc1I)Nc1ccc(N2C(=O)CC(=O)NC3C4CCCCC4CCC32)cc1, 1800
723392,CC1(C)CN(c2ccc(N3C(=O)CC(=O)Nc4c3ccc3ccccc43)cc2)C(CCc2ccccc2)=N1, 2500
723390,O=C1CC(=O)N(c2ccc(-c3nc[nH]c3-c3ccccc3)cc2)c2ccc3ccccc3c2N1, 3400
723375,O=C1CC(=O)N(c2ccc(-n3ccnc3-c3ccccc3)cc2)c2ccc3ccccc3c2N1, 3700
723360,Fc1ccc(C2CCNCC2COc2ccc3c(c2)OCO3)cc1, 4000
723388,CC(C)(Cc1nnnn1-c1ccc(N2C(=O)CC(=O)Nc3c2ccc2ccccc32)cc1)c1ccccn1, 5400
51089276,N=C1Cc2ccccc2N(C(N)=O)c2ccccc21,10000
50973501,Nc1ncnc2c1ncn2C1OC(COP(=O)(O)OP(=O)(O)OP(=O)(O)O)C2OC3(OC21)C([N+](=O)[O-])=C[C-]([N+](=O)[O-])C=C3[N+](=O)[O-], 15200
50185374,Cc1nc(N=Nc2ccc(S(=O)(=O)O)cc2S(=O)(=O)O)c(COP(=O)(O)O)c(C=O)c1O, 27500
51089277,CN=C1Cc2ccccc2N(C(N)=O)c2ccccc21, 36900
50806954,O=C(Nc1cccc(C(=O)Nc2ccc(S(=O)(=O)[O-])c3cc(S(=O)(=O)[O-])cc(S(=O)(=O)[O-])c23)c1)Nc1cccc(C(=O)Nc2ccc(S(=O)(=O)[O-])c3cc(S(=O)(=O)[O-])cc(S(=O)(=O)[O-])c23)c1,100000
11636756,C1=CC(=CC(=C1)NC(=O)NC2=CC=CC(=C2)C(=O)NC3=C(C=CC(=C3)C(=O)NC4=C5C(=CC(=CC5=C(C=C4)S(=O)(=O)[O-])S(=O)(=O)[O-])S(=O)(=O)[O-])F)C(=O)NC6=C(C=CC(=C6)C(=O)NC7=C8C(=CC(=CC8=C(C=C7)S(=O)(=O)[O-])S(=O)(=O)[O-])S(=O)(=O)[O-])F.[Na+].[Na+].[Na+].[Na+].[Na+].[Na+],1000.0
71457339,C1=CC=C2C(=C1)N(C3=CC=CC=C3O2)C(=O)C4=CC=C(C=C4)Cl,5290.0
2320735,CC1=CC=C(C=C1)S(=O)(=O)N2C3=CC=CC=C3OC4=CC=CC=C42,1380.0
71457337,C1=CC=C(C=C1)CCNC(=O)N2C3=CC=CC=C3OC4=CC=CC=C42,1780.0
71459185,C1=CC=C(C=C1)CN2C3=CC=CC=C3C(C4=CC=CC=C42)(C5=CC=CC=C5)O,2440.0
71462708,C1=CC=C2C(=C1)N(C3=CC=CC=C3O2)C(=O)OCC4=CC=C(C=C4)Cl,1020.0
60168729,C1=CC=C(C=C1)COC(=O)N2C3=CC=CC=C3OC4=CC=CC=C42,189.0
71459189,CCCN(CCC)C(=O)N1C2=CC=CC=C2OC3=CC=CC=C31,2690.0
71455545,C1=CC=C(C=C1)CCOC(=O)N2C3=CC=CC=C3OC4=CC=CC=C42,3930.0
20438947,C1=CC=C(C=C1)C(=O)N2C3=CC=CC=C3OC4=CC=CC=C42,4110.0
71450181,COC1=CC=C(C=C1)COC(=O)N2C3=CC=CC=C3OC4=CC=CC=C42,2640.0
43815,C1CNCC(C1C2=CC=C(C=C2)F)COC3=CC4=C(C=C3)OCO4,1870.0
71450180,CC1=CC=C(C=C1)COC(=O)N2C3=CC=CC=C3OC4=CC=CC=C42,2280.0
71462707,CC(C)OC(=O)N1C2=CC=CC=C2OC3=CC=CC=C31,2350.0
148882,C1=CC=C(C=C1)CN2C3=CC=CC=C3C(=O)C4=CC=CC=C42,5970.0
13644344,C1=CC=C2C(=C1)N(C3=CC=CC=C3O2)C(=O)C4=CC=C(C=C4)[N+](=O)[O-],4290.0
9841560,C1C(=O)NC2=C(C(=N1)C3=CC(=CC=C3)Br)OC4=CC=CC=C42,500.0
71455548,CC1CCC(C(C1)OCC(=O)NC2=CC=CC=C2O)C(C)C,3390.0
10882078,C1=CC=C2C(=C1)C(=O)C3=CC=CC=C3N2CC4=CC=C(C=C4)[N+](=O)[O-],2490.0
71462710,C1=CC=C2C(=C1)N(C3=CC=CC=C3O2)C(=O)NCC4=CC=C(C=C4)Cl,9540.0
76324694,CCCN(CCC)C(=O)N1C2=CC=CC=C2C=CC3=CC=CC=C31,7780.0
76310107,C1=CC=C(C=C1)COC(=O)N2C3=CC=CC=C3C=CC4=CC=CC=C42,6020.0
73669299,CC(C)N(C(C)C)C(=O)N1C2=CC=CC=C2C=CC3=CC=CC=C31,3440.0
124125296,C1=CC(=CC(=C1)Cl)OC2=C(C=C(C=C2)NC(=O)CC3=C(C=CC=C3Cl)F)S(=O)(=O)N,9.0
124125420,C1=CC=C(C=C1)COC2=C(C=C(C=C2)NC(=O)CC3=CC=CC=C3Cl)S(=O)(=O)N,2.0
124125341,CC1=CC=CC=C1CC(=O)NC2=CC(=C(C=C2)OC3=CC(=CC=C3)Cl)S(=O)(=O)N,10.0
154731051,C1C(=O)NC2=C(C=CC3=CC=CC=C32)N(C1=O)C4=CC=CC(=C4)C5=NOC(=S)[N-]5.[Na+],260.0
155530831,C1C(=O)NC2=C(C=CC3=CC=CC=C32)N(C1=O)C4=CC=C(C=C4)NC(=O)CC5=CC=CC=C5I,430.0
124125214,C1=CC=C(C=C1)CC(=O)NC2=CC(=C(C=C2)OC3=CC(=CC=C3)Cl)S(=O)(=O)N,320.0
2810999,CC(C)C1=CC(=C(C(=C1)Br)NC(=O)NC2=CN=CC=C2)Br,780.0
136962942,CC1=C(C2=C(C3=CC=CC=C3N2)NC1=O)C4=CC(=CC=C4)C5=NNN=N5,100.0
71657162,C1C(=O)NC2=C(C=CC3=CC=CC=C32)N(C1=O)C4=CC=C(C=C4)NS(=O)(=O)CC5=CC=CC=C5Cl,54.0
124125544,C1=CC=C(C(=C1)CC(=O)NC2=CC(=C(C=C2)OC3=CN=C(N=C3)Cl)S(=O)(=O)N)Cl,2528.0
124125466,CC(C)(C1=CC=C(C=C1)OC2=C(C=C(C=C2)NC(=O)CC3=CC=CC=C3Cl)S(=O)(=O)N)O,376.0
124125239,C1=CC=C(C=C1)OC2=C(C=C(C=C2)NC(=O)CC3=CC=CC=C3Cl)S(=O)(=O)N,10.0
124125475,CC1=CC(=CC=C1)CC(=O)NC2=CC(=C(C=C2)OC3=CC(=CC=C3)Cl)S(=O)(=O)N,52.0
124125553,C1=CC(=CC(=C1)Cl)OC2=C(C=C(C=C2)NC(=O)CC3=CC=C(C=C3)C(F)(F)F)S(=O)(=O)N,1718.0
124125335,C1=CC=C(C(=C1)CC(=O)NC2=CC(=C(C=C2)OC3=CC(=CC=C3)Cl)S(=O)(=O)N)F,76.0
124125305,C1COCC(=O)N1C2=CC=C(C=C2)OC3=C(C=C(C=C3)NC(=O)CC4=CC=CC=C4Cl)S(=O)(=O)N,1681.0
124125238,C1COCCC1COC2=C(C=C(C=C2)NC(=O)CC3=C(C(=CC=C3)F)Cl)S(=O)(=O)N,37.0
124125229,COC1=CC(=CC=C1)OC2=C(C=C(C=C2)NC(=O)CC3=CC=CC=C3Cl)S(=O)(=O)N,8.0
124125284,C1=CC=C(C(=C1)CC(=O)NC2=CC(=C(C=C2)OC3=CC=CC(=C3)N4C=NN=C4)S(=O)(=O)N)Cl,67.0
124125282,CN1C=C(C=N1)OC2=C(C=C(C=C2)NC(=O)CC3=CC=CC=C3Cl)S(=O)(=O)N,185.0
124125495,C1=CC(=CC(=C1)Cl)OC2=C(C=C(C=C2)NC(=O)CC3=C(C=CC=C3Cl)Cl)S(=O)(=O)N,15.0
124125308,C1COCCC1COC2=C(C=C(C=C2)NC(=O)CC3=CC=CC=C3Cl)S(=O)(=O)N,139.0
124125268,C1=CC(=CC(=C1)Cl)OC2=C(C=C(C=C2)NC(=O)CC3=CC=C(C=C3)Cl)S(=O)(=O)N,345.0
124125537,COC1=CC=CC=C1CC(=O)NC2=CC(=C(C=C2)OC3=CC(=CC=C3)Cl)S(=O)(=O)N,2.0
124125309,CC(C)(C1=CC(=CC=C1)OC2=C(C=C(C=C2)NC(=O)CC3=CC=CC=C3Cl)S(=O)(=O)N)O,474.0
124125445,C1CC(C1)COC2=C(C=C(C=C2)NC(=O)CC3=CC=CC=C3Cl)S(=O)(=O)N,5.0
124125228,C1COCC(=O)N1C2=CC(=CC=C2)OC3=C(C=C(C=C3)NC(=O)CC4=CC=CC=C4Cl)S(=O)(=O)N,163.0
124125301,C1COCCN1C(=O)C2=CC(=CC=C2)OC3=C(C=C(C=C3)NC(=O)CC4=CC=CC=C4Cl)S(=O)(=O)N,45.0
124125463,C1=CC=C(C(=C1)CC(=O)NC2=CC(=C(C=C2)OC3=CC(=CC=C3)Cl)S(=O)(=O)N)Cl,92.0
124125480,C1COC1COC2=C(C=C(C=C2)NC(=O)CC3=CC=CC=C3Cl)S(=O)(=O)N,784.0
124125460,C1=CC=C(C(=C1)CC(=O)NC2=CC(=C(C=C2)OC3=CC(=CN=C3)Cl)S(=O)(=O)N)Cl,27.0
124125383,C1=CC(=CC(=C1)Cl)OC2=C(C=C(C=C2)NC(=O)CC3=CC=C(C=C3)F)S(=O)(=O)N,269.0
124125230,CC(C1=CC=CC=C1)C(=O)NC2=CC(=C(C=C2)OC3=CC(=CC=C3)Cl)S(=O)(=O)N,1242.0
124125321,CC(C1=CC=CC=C1Cl)C(=O)NC2=CC(=C(C=C2)OC3=CC(=CC=C3)Cl)S(=O)(=O)N,134.0
124125345,CC1=CC=C(C=C1)CC(=O)NC2=CC(=C(C=C2)OC3=CC(=CC=C3)Cl)S(=O)(=O)N,317.0
124125322,CC(=O)NC1=CC(=CC=C1)OC2=C(C=C(C=C2)NC(=O)CC3=CC=CC=C3Cl)S(=O)(=O)N,93.0
124125387,C1=CC=C(C=C1)CC(=O)NC2=CC(=C(C=C2)OC3=CC=CC=C3Cl)S(=O)(=O)N,1250.0
124125244,C1COCC1C2=CC=C(C=C2)OC3=C(C=C(C=C3)NC(=O)CC4=CC=CC=C4Cl)S(=O)(=O)N,75.0
124125397,C1=CC=C(C(=C1)CC(=O)NC2=CC(=C(C=C2)OC3=CC(=CC=C3)Cl)S(=O)(=O)N)C(F)(F)F,24.0
124125231,C1=CC=C(C(=C1)CC(=O)NC2=CC(=C(C=C2)OC3=CC=C(C=C3)C4=NC=CS4)S(=O)(=O)N)Cl,30.0
124125339,C1COCCC1COC2=C(C=C(C=C2)NC(=O)CC3=CC=CC=C3C(F)(F)F)S(=O)(=O)N,88.0
124125486,C1=CC=C(C(=C1)CC(=O)NC2=CC(=C(C=C2)OC3=CC=CC=N3)S(=O)(=O)N)Cl,441.0
124125439,C1=CC=C(C=C1)CCOC2=C(C=C(C=C2)NC(=O)CC3=CC=CC=C3Cl)S(=O)(=O)N,19.0
124125200,C1COCCC1COC2=C(C=C(C=C2)NC(=O)CC3=C(C=CC(=C3)F)Cl)S(=O)(=O)N,84.0
124125360,CC(C)(C1=CC=CC=C1OC2=C(C=C(C=C2)NC(=O)CC3=CC=CC=C3Cl)S(=O)(=O)N)O,242.0
124125290,C1=CC=C(C(=C1)CC(=O)NC2=CC(=C(C=C2)OC3=CC=CC=C3Cl)S(=O)(=O)N)Cl,13.0
124125351,C1CCC(CC1)OC2=C(C=C(C=C2)NC(=O)CC3=CC=CC=C3Cl)S(=O)(=O)N,39.0
124125246,C1COCCC1COC2=C(C=C(C=C2)NC(=O)CC3=C(C=CC=C3Cl)F)S(=O)(=O)N,13.0
124125444,C1COC(CO1)COC2=C(C=C(C=C2)NC(=O)CC3=CC=CC=C3Cl)S(=O)(=O)N,258.0
124125269,C1COCCC1COC2=C(C=C(C=C2)NC(=O)CC3=CC=CC=C3F)S(=O)(=O)N,597.0
124125330,C1COCCC1COC2=C(C=C(C=C2)NC(=O)CC3=CC=CC=C3C(F)F)S(=O)(=O)N,111.0
124125453,C1=CC=C(C(=C1)CC(=O)NC2=CC(=C(C=C2)OCC3=CC=CC=N3)S(=O)(=O)N)Cl,26.0
124125422,C1COCCC1COC2=C(C=C(C=C2)NC(=O)CC3=C(C=C(C=C3)F)Cl)S(=O)(=O)N,173.0
124125494,C1=CC=C(C(=C1)CC(=O)NC2=CC(=C(C=C2)OC3=CN=CC=C3)S(=O)(=O)N)Cl,193.0
9975090,C1=CC=C(C(=C1)C(=O)NC2=CC(=CC(=C2)C(F)(F)F)C(F)(F)F)O,155.0
29035588,C1=CC(=C(C=C1Cl)C(=O)NC2=CC(=CC(=C2)F)F)O,155.0
23070355,C1=CC(=C(C=C1Cl)O)C(=O)NC2=CC(=CC(=C2)C(F)(F)F)C(F)(F)F,209.0
11741624,C1=CC=C2C(=C1)C=CC(=C2O)C(=O)NC3=CC(=CC(=C3)C(F)(F)F)C(F)(F)F,729.0
5081913,C1=CC(=C(C=C1Cl)C(=O)NC2=CC(=CC(=C2)C(F)(F)F)C(F)(F)F)O,156.0
2804666,C1=CC(=C(C=C1Cl)C(=O)NC2=CC(=CC(=C2)Cl)Cl)O,712.0
71381242,C1=CC(=C(C(=C1)Cl)O)C(=O)NC2=CC(=CC(=C2)C(F)(F)F)C(F)(F)F,48.8
20196,C1=CC(=CC(=C1)Cl)NC(=O)C2=C(C=CC(=C2)Cl)O,135.0
5065884,C1=CC(=CC(=C1)NC(=O)C2=C(C=CC(=C2)Cl)O)C(F)(F)F,537.0
5274059,C1=CC(=CC=C1C(F)(F)F)NC(=O)C2=C(C=CC(=C2)Cl)O,1500.0
156015171,C1=CC(=C(C=C1Cl)C(=O)NC2=CC(=CC(=C2)C(F)(F)F)[N+](=O)[O-])O,42.6
90467334,C1C(=O)NC2=C(C=CC3=CC=CC=C32)N(C1=O)C4=CC=C(C=C4)N5C(=NN=N5)CC6=CC=CC=C6O,37.0
90467462,C1C(=O)NC2=C(C=CC3=CC=CC=C32)N(C1=O)C4=CC=C(C=C4)N5C(=NN=N5)CCC6=CC=CC=C6,44.0
86763274,C1C(=O)NC2=C(C=CC3=CC=CC=C32)N(C1=O)C4=CC=C(C=C4)N5C=CN=C5CCC6=CC=CC=C6,78.0
121330593,CN(C)C1=CC=CC=C1CC2=NN=NN2C3=CC=C(C=C3)N4C(=O)CC(=O)NC5=C4C=CC6=CC=CC=C65,94.0
121330725,C1C(=O)NC2=C(C=CC3=CC=CC=C32)N(C1=O)C4=CC=C(C=C4)C5=C(N=CN5)C6=CC=CC=C6,3400.0
121330590,C1C(=O)NC2=C(C=CC3=CC=CC=C32)N(C1=O)C4=CC=C(C=C4)C5=NC=CN5CC6=CC=C(C=C6)Cl,300.0
121330638,COC1=CC=CC(=C1)CCC2=NC=CN2C3=CC=C(C=C3)N4C(=O)CC(=O)NC5=C4C=CC6=C5CCC6,74.0
121330706,C1C(=O)NC2=C(C=CC3=CC=CC=C32)N(C1=O)C4=CC=C(C=C4)N5C=CN=C5CCC6=CC(=CC=C6)C(F)(F)F,550.0
121330744,C1C(=O)NC2=C(C=CC3=CC=CC=C32)N(C1=O)C4=CC=C(C=C4)N5C=CN=C5COC6=CC=CC=C6,790.0
145713379,C1C(=O)NC2=C(C=CC3=CC=CC=C32)N(C1=O)C4=CC=C(C=C4)C5=CN(C=N5)CCC6=CC=CC=C6,320.0
145713380,C1C(=O)NC2=C(C=CC3=CC=CC=C32)N(C1=O)C4=CN=C(C=C4)N5C(=NN=N5)CC6=CC=CC=C6O,77.0
90467335,C1C(=O)NC2=C(C=CC3=CC=CC=C32)N(C1=O)C4=CC=C(C=C4)N5C(=NN=N5)CCC6=CN=CC=C6,380.0
121330609,COC1=CC=CC=C1CC2=NN=NN2C3=CC=C(C=C3)C4=NCC(=O)NC5=C4C=CC6=CC=CC=C65,320.0
137018806,C1C(=O)NC2=C(C=CC3=CC=CC=C32)N(C1=O)C4=CC(=C(C=C4)C5=NC=CN5CCC6=CC=CC=C6)O,130.0
121330617,C1C(=O)NC2=C(C=CC3=CC=CC=C32)N(C1=O)C4=CC=C(C=C4)C5=NC=CN5CCC6=CC=CC=C6,91.0
121330709,C1CC2=C(C1)C3=C(C=C2)N(C(=O)CC(=O)N3)C4=CC=C(C=C4)N5C=CN=C5CCC6=CC=CC=C6F,53.0
121330597,CC1(CN(C(=N1)CCC2=CC=CC=C2)C3=CC=C(C=C3)N4C(=O)CC(=O)NC5=C4C=CC6=CC=CC=C65)C,2500.0
121330640,COC1=C(C=CC(=C1)N2C(=O)CC(=O)NC3=C2C=CC4=CC=CC=C43)C5=NC=CN5CCC6=CC=CC=C6,520.0
121330634,COC1=CC=CC(=C1)CCN2C=CN=C2C3=CC=C(C=C3)N4C(=O)CC(=O)NC5=C4C=CC6=CC=CC=C65,82.0
121330637,C1C(=O)NC2=C(C=CC3=CC=CC=C32)N(C1=O)C4=CC=C(C=C4)N5C=CN=C5CCC6=CC(=CC=C6)C(=O)N,130.0
121330639,C1C(=O)NC2=C(C=CC3=CC=CC=C32)N(C1=O)C4=CC=C(C=C4)N5C=CN=C5CCC6=CC=CC=C6C(=O)N,340.0
121330749,COC1=C(C=CC=C1F)CCC2=NC=CN2C3=CC=C(C=C3)N4C(=O)CC(=O)NC5=C4C=CC6=CC=CC=C65,87.0
121330643,COC1=CC=CC(=C1)CCC2=NC=CN2C3=CC=C(C=C3)N4C(=O)CC(=O)NC5=C4C=CC6=CC=CC=C65,92.0
121330690,COC1=CC=CC=C1CCC2=NC=CN2C3=CC=C(C=C3)N4C(=O)CC(=O)NC5=C4C=CC6=CC=CC=C65,180.0
121330707,C1C(=O)NC2=C(C=CC3=CC=CC=C32)N(C1=O)C4=CC=C(C=C4)C5=NC=CN5CCC6=CC(=CC=C6)O,78.0
121330589,CC(C)(CC1=NN=NN1C2=CC=C(C=C2)N3C(=O)CC(=O)NC4=C3C=CC5=CC=CC=C54)C6=CC=CC=N6,5400.0
121330616,C1C(=O)NC2=C(C=CC3=CC=CC=C32)N(C1=O)C4=CC=C(C=C4)N5C=CN=C5CCC6=CC=CC=N6,590.0
121330673,C1C(=O)NC2=C(C=CC3=CC=CC=C32)N(C1=O)C4=CC=C(C=C4)N5C=CN=C5CCC6=CC(=CC=C6)F,51.0
121330681,C1C(=O)NC2=C(C=CC3=CC=CC=C32)N(C1=O)C4=CC=C(C=C4)C5=NC=CN5CC6=CC=CC=C6C(=O)N,590.0
121330692,C1CC2=C(C1)C3=C(C=C2)N(C(=O)CC(=O)N3)C4=CC=C(C=C4)N5C=CN=C5CCC6=CC(=CC=C6)F,39.0
121330587,C1C(=O)NC2=C(C=CC3=CC=CC=C32)N(C1=O)C4=CC=C(C=C4)N5C=CN=C5CCC6=CC=CO6,550.0
121330625,C1C(=O)NC2=C(C=CC3=CC=CC=C32)C(=N1)C4=CC=C(C=C4)N5C=CN=C5CCC6=CC=CC=C6,650.0
121330716,C1C(=O)NC2=C(C=CC3=CC=CC=C32)C(=N1)C4=CC=C(C=C4)N5C(=NN=N5)CCC6=CC=CC=C6,630.0
121330622,C1C(=O)NC2=C(C=CC3=CC=CC=C32)N(C1=O)C4=CC=C(C=C4)N5C=CN=C5CCC6=CC=CC=C6C#N,190.0
121330700,COC1=CC=CC=C1CC2=NN=NN2C3=CC=C(C=C3)N4C(=O)CC(=O)NC5=C4C=CC6=CC=CC=C65,25.0
121330715,C1C(=O)NC2=C(C=CC3=CC=CC=C32)N(C1=O)C4=CC=C(C=C4)N5C=CN=C5CNC6=CC=CC=C6,1300.0
121330578,C1C(=O)NC2=C(C=CC3=CC=CC=C32)N(C1=O)C4=CC=C(C=C4)N5C=CN=C5C6=CC=CC=C6,3700.0
121330674,C1C(=O)NC2=C(C=CC3=CC=CC=C32)N(C1=O)C4=CC=C(C=C4)N5C=CN=C5CCC6=CSC=C6,88.0
121330689,C1C(=O)NC2=C(C=CC3=CC=CC=C32)N(C1=O)C4=CC=C(C=C4)N5C=CN=C5CCC6=CC(=CC=C6)O,53.0
121330584,CC1=C(C(=CC=C1)C)CCC2=NC=CN2C3=CC=C(C=C3)N4C(=O)CC(=O)NC5=C4C=CC6=CC=CC=C65,79.0
121330628,COC1=CC=CC=C1C2=NC=CN2C3=CC=C(C=C3)N4C(=O)CC(=O)NC5=C4C=CC6=CC=CC=C65,1700.0
122483632,CC1=NC(=CC=C1)CCC2=NN=NN2C3=CC=C(C=C3)N4C(=O)CC(=O)NC5=C4C=CC6=CC=CC=C65,270.0
146047750,C1CCC2C(C1)CCC3C2NC(=O)CC(=O)N3C4=CC=C(C=C4)NC(=O)CC5=CC=CC=C5I,1800.0
146047749,C1C(=O)NC2=C(C=CC3=CC=CC=C32)N(C1=O)C4=CC=C(C=C4)NCC5=CC=CC=C5I,430.0
71657163,C1C(=O)NC2=C(C=CC3=CC=CC=C32)C(=N1)C4=CC=C(C=C4)NS(=O)(=O)CC5=CC=CC=C5Cl,440.0
71657375,CN(C1=CC=C(C=C1)N2C(=O)CC(=O)NC3=C2C=CC4=C3CCCC4)S(=O)(=O)CC5=CC=CC=C5Cl,970.0
71657159,C1C(=O)NC2=C(C=CC3=CC=CC=C32)N(C1=O)C4=CC=C(C=C4)NC(=O)NC5=CC=CC=C5,1200.0
71657067,C1C(=O)NC2=C(C=CC3=CC=CC=C32)N(C1=O)C4=CC=C(C=C4)NC(=O)CC5=CC=CC=C5Cl,540.0
6093160,C1=CC(=CC(=C1)NC(=O)NC2=CC=CC(=C2)C(=O)NC3=C4C(=CC(=CC4=C(C=C3)S(=O)(=O)[O-])S(=O)(=O)[O-])S(=O)(=O)[O-])C(=O)NC5=C6C(=CC(=CC6=C(C=C5)S(=O)(=O)[O-])S(=O)(=O)[O-])S(=O)(=O)[O-].[Na+].[Na+].[Na+].[Na+].[Na+].[Na+],100000.0
4881,CC1=C(C(=C(C(=N1)N=NC2=C(C=C(C=C2)S(=O)(=O)O)S(=O)(=O)O)COP(=O)(O)O)C=O)O,27500.0
24883277,CC(C)C1=CC(=C(C=C1OC2=CN=C(N=C2N)NC(CO)CO)I)OC,10000.0
15953802,CC(C)C1=CC(=C(C=C1OC2=CN=C(N=C2N)N)I)OC,10000.0
46175179,CC(CN1CCN(CC1)C(=O)C)NC(=O)C2=CC3=C(S2)N(N=C3C4=CC=CC=C4)C,10000.0
46231312,CCCC1=C(OC(=N1)C2=CC=CC=C2)C(=O)NC(C)CN3CCN(CC3)C4=NC=CC=N4,10000.0
44579818,COC1=CC=C(C=C1)CN2C3=CC=CC=C3C(=O)C4=CC=CC=C42,10300.0
71450182,CC(C)NC(=O)N1C2=CC=CC=C2OC3=CC=CC=C31,10000.0
71450183,C1CCN(CC1)C(=O)N2C3=CC=CC=C3OC4=CC=CC=C42,10700.0
71453817,C1=CC=C(C=C1)CNC(=O)N2C3=CC=CC=C3OC4=CC=CC=C42,10000.0
71457335,C1=CC=C2C(=C1)N(C3=CC=CC=C3O2)C(=O)OCC4=CC=C(C=C4)[N+](=O)[O-],10000.0
71013,C1=CC=C2C(=C1)C(=C3C=CC=CC3=N2)Cl,10000.0
71462711,CN1CCN(CC1)C(=O)N2C3=CC=CC=C3OC4=CC=CC=C42,10000.0
71452007,COC(=O)N1C2=CC=CC=C2OC3=CC=CC=C31,52300.0
19878631,C1=CC=C(C=C1)COC(=O)NC2=CC=CC=C2O,10000.0
71452009,C1=CC=C(C=C1)CC(=O)N2C3=CC=CC=C3OC4=CC=CC=C42,10000.0
71455546,C1=CC=C(C=C1)CCSC(=O)N2C3=CC=CC=C3OC4=CC=CC=C42,10000.0
71459186,C1COCCN1C(=O)N2CCOC3=CC=CC=C32,10000.0
12286268,C1COCCN1C(=O)NC2=CC=CC=C2O,10000.0
71452008,C1COC2=CC=CC=C2N1C(=O)OCC3=CC=CC=C3,10000.0
71452010,CN(C)CCCNC(=O)N1C2=CC=CC=C2OC3=CC=CC=C31,10000.0
71453815,C1=CC=C(C=C1)CS(=O)(=O)N2C3=CC=CC=C3OC4=CC=CC=C42,10000.0
3304561,CC(=O)N1C2=CC=CC=C2OC3=CC=CC=C31,10000.0
71460975,CC1=CC=C(C=C1)CN2C3=CC=CC=C3C(=O)C4=CC=CC=C42,11800.0
71460976,C1=CC=C2C(=C1)N(C3=CC=CC=C3O2)C(=O)NCC4=CC(=CC(=C4)Cl)Cl,10000.0
71455550,CCN(CC)C(=O)N1C2=CC=CC=C2OC3=CC=CC=C31,17400.0
71459187,C1=CC=C2C(=C1)N(C3=CC=CC=C3O2)C(=O)N,10000.0
12540726,C1=CC=C2C(=C1)N(C3=CC=CC=C3O2)C(=O)Cl,23200.0
71459190,C1COCCN1C(=O)N2C3=CC=CC=C3OC4=CC=CC=C42,10000.0
71460977,CN(C)C(=O)N1C2=CC=CC=C2OC3=CC=CC=C31,24600.0
231766,C1=CC=C(C=C1)C(=O)NC2=CC=CC=C2O,10000.0
71457338,CC(C)N(C(C)C)C(=O)N1C2=CC=CC=C2OC3=CC=CC=C31,12400.0
2823798,C1COC2=CC=CC=C2N1C(=O)C3=CC=CC=C3,10000.0
40456486,C1=CC=C(C=C1)C(=O)NC2=CC=CC=C2OCCOC3=CC=CC=C3NC(=O)C4=CC=CC=C4,10000.0
71462709,C1=CC=C2C(=C1)N(C3=CC=CC=C3O2)C(=O)C4=CC=C(C=C4)N,10800.0
5287422,C1=C(C2(C(=CC1=[N+]([O-])[O-])[N+](=O)[O-])OC3C(OC(C3O2)N4C=NC5=C(N=CN=C54)N)COP(=O)(O)OP(=O)(O)OP(=O)(O)O)[N+](=O)[O-],15200.0
71324548,C1=CC=C(C=C1)CN2C3=CC=CC=C3OC4=CC=CC=C42,10000.0
71457336,CC1CCC(C(C1)OCC(=O)NC2=CC=CC=C2OCCBr)C(C)C,10000.0
12231013,C1=CC=C(C=C1)C(=O)N2C3=CC=CC=C3C(=O)C4=CC=CC=C42,26900.0
71455547,CCN(CC)C(=O)N1C2=CC=CC=C2C(=O)C3=CC=CC=C31,39100.0
71453816,CNC(=O)N1C2=CC=CC=C2OC3=CC=CC=C31,10000.0
71455549,C1CCC(CC1)NC(=O)N2C3=CC=CC=C3OC4=CC=CC=C42,10000.0
71459188,CN1CCC(CC1)NC(=O)N2C3=CC=CC=C3OC4=CC=CC=C42,45800.0
779113,C1CCN(C1)C(=O)N2C3=CC=CC=C3C=CC4=CC=CC=C42,34100.0
76313803,CC(C)COC(=O)N1C2=CC=CC=C2C=CC3=CC=CC=C31,100000.0
76321046,CCCCNC(=O)N1C2=CC=CC=C2C=CC3=CC=CC=C31,100000.0
76335511,C1=CC=C(C=C1)CCNC(=O)N2C3=CC=CC=C3C=CC4=CC=CC=C42,36200.0
76335512,C1=CC=C(C=C1)CNC(=O)N2C3=CC=CC=C3C=CC4=CC=CC=C42,78900.0
921624,C1CCC(CC1)NC(=O)N2C3=CC=CC=C3C=CC4=CC=CC=C42,33800.0
129274,C1=CC=C2C(=C1)C=CC3=C(N2C(=O)N)C=CC(=C3)O,146000.0
3136467,CN(C)CCCNC(=O)N1C2=CC=CC=C2C=CC3=CC=CC=C31,100000.0
69601968,C1=CC=C2C(=C1)C=C(C3=CC=CC=C3N2C(=O)N)N,10000.0
76321049,C1CN(CCC1O)C(=O)N2C3=CC=CC=C3C=CC4=CC=CC=C42,100000.0
76324695,CC(C)N(C(C)C)C(=O)C1=CC=CC2=C1NC3=CC=CC=C3C=C2,30600.0
76331935,CC(C)NC(=O)N1C2=CC=CC=C2C=CC3=CC=CC=C31,19200.0
19099,C1CC2=CC=CC=C2N(C3=CC=CC=C31)C(=O)N,100000.0
746996,C1CCN(CC1)C(=O)N2C3=CC=CC=C3C=CC4=CC=CC=C42,13700.0
76321048,C1=CC=C2C(=C1)C=CC3=CC=CC=C3N2C(=O)N(CCO)CCO,100000.0
76324696,C1=CC=C2C(=C1)C=CC3=C(N2C(=O)N)C=C(C=C3)C(F)(F)F,54600.0
4281839,C1=CC=C(C=C1)NC(=O)N2C3=CC=CC=C3C=CC4=CC=CC=C42,100000.0
34312,C1C2=CC=CC=C2N(C3=CC=CC=C3C1=O)C(=O)N,10000.0
76313802,CCN(CC)C(=O)N1C2=CC=CC=C2C=CC3=C1C(=CC=C3)C(=O)N(C(C)C)C(C)C,52500.0
76331933,C1=CC=C2C(=C1)C=CC3=CC=CC=C3N2C(=O)NC4=CC=NC=C4,100000.0
2847675,CCOC1CC2=CC=CC=C2N(C3=CC=CC=C13)C(=O)N,100000.0
2554,C1=CC=C2C(=C1)C=CC3=CC=CC=C3N2C(=O)N,100000.0
67474845,C1=CC=C2C(=C1)C=CC3=C(N2C(=O)N)C=CC(=C3)F,100000.0
76317322,C1CC(CCC1NC(=O)N2C3=CC=CC=C3C=CC4=CC=CC=C42)O,20000.0
76317323,CN(C)C1=CC2=C(C=CC3=CC=CC=C3N2C(=O)N)C=C1,15300.0
76317321,CC(C)(C)NC(=O)N1C2=CC=CC=C2C=CC3=CC=CC=C31,13800.0
76310105,CN(C)CCN(C)C(=O)N1C2=CC=CC=C2C=CC3=CC=CC=C31,100000.0
76310106,C1CC(CCC1N)NC(=O)N2C3=CC=CC=C3C=CC4=CC=CC=C42,10000.0
12323384,C1=CC=C(C=C1)CN2C3=CC=CC=C3C=CC4=CC=CC=C42,100000.0
76328256,C1=CC=C2C(=C1)C=CC3=C(N2C(=O)N)C=C(C=C3)F,100000.0
70515212,COC1=CC2=C(C=CC3=CC=CC=C3N2C(=O)N)C=C1,100000.0
76331932,CN(C)C(=O)N1C2=CC=CC=C2C=CC3=CC=CC=C31,100000.0
571066,C1=CC=C(C=C1)C(=O)N2C3=CC=CC=C3C=CC4=CC=CC=C42,23300.0
738915,CNC(=O)N1C2=CC=CC=C2C=CC3=CC=CC=C31,100000.0
179344,CC(=O)OC1CC2=CC=CC=C2N(C3=CC=CC=C13)C(=O)N,20000.0
2555,C1=CC=C2C(=C1)C3C(O3)C4=CC=CC=C4N2C(=O)N,10000.0
606375,CC(=O)N1C2=CC=CC=C2C=CC3=CC=CC=C31,100000.0
114709,C1C(C2=CC=CC=C2N(C3=CC=CC=C31)C(=O)N)O,100000.0
120031,COC1=CC2=CC=CC=C2N(C3=CC=CC=C31)C(=O)N,100000.0
59586810,CC1=CC2=C(C=C1)C=CC3=CC=CC=C3N2C(=O)N,100000.0
766793,CCN(CC)C(=O)N1C2=CC=CC=C2C=CC3=CC=CC=C31,11400.0
76324697,C1=CC=C2C(=C1)C=CC3=C2C=CC4=CC=CC=C4N3C(=O)N,51400.0
2893185,COC(=O)N1C2=CC=CC=C2C=CC3=CC=CC=C31,100000.0
135290,C1=CC=C2C(=C1)C=CC3=C(N2C(=O)N)C=C(C=C3)O,72800.0
76317324,COC1=CC=C(C=C1)CCNC(=O)N2C3=CC=CC=C3C=CC4=CC=CC=C42,27400.0
76321047,CN1CCC(CC1)NC(=O)N2C3=CC=CC=C3C=CC4=CC=CC=C42,100000.0
76328255,CNC1=CC2=CC=CC=C2N(C3=CC=CC=C31)C(=O)N,36900.0
779112,C1COCCN1C(=O)N2C3=CC=CC=C3C=CC4=CC=CC=C42,100000.0
76331934,CCN(CC)C(=O)N1C2=CC=CC=C2C=CC3=C1C=NC=C3,100000.0
46832336,CC1=CC(=C(C=C1NC(=O)C2=CNC(=O)CC2C3=CC=C(C=C3)F)OCCO)Cl,10000.0
145960885,COC1=CC=C(C=C1)C(=C2C(N(C(=O)C2=O)C3=CC=C(C=C3)C4=NOC=C4)C5CCCCC5)O,30000.0
155540682,C1CC1(C2=CC=CC=C2Cl)C(=O)NC3=CC(=C(C=C3)OC4=CC(=CC=C4)Cl)S(=O)(=O)N,25000.0
155559078,C1OC2C(OC(C2O1)N3C=NC4=C(N=CN=C43)N)COP(=O)(O)OP(=O)(O)OP(=O)(O)O.N.N.N.N,100000.0
155514310,CC1(OC2C(O1)C(OC2C(=O)NC(CCC(=O)O)C(=O)O)N3C=NC4=C(N=CN=C43)N)C,100000.0
155529242,CC1(OC2C(OC(C2O1)N3C=NC4=C(N=CN=C43)N)COP(=O)(O)OP(=O)(O)OP(=O)(O)O)C.N.N.N.N,48000.0
155529713,C1=CC=C(C=C1)C2OC3C(OC(C3O2)N4C=NC5=C(N=CN=C54)N)COP(=O)(O)OP(=O)(O)OP(=O)(O)O.N.N.N.N,11000.0
155529971,C1CCC2(CC1)OC3C(OC(C3O2)N4C=NC5=C(N=CN=C54)N)COP(=O)(CP(=O)(O)OP(=O)(O)O)O.N.N.N.N,100000.0
155543044,C1CCC2(CC1)OC3C(OC(C3O2)N4C=NC5=C(N=CN=C54)N)COP(=O)(O)OP(=O)(O)OP(=O)(O)O.N.N.N.N,29600.0
155562454,CC1(OC2C(OC(C2O1)N3C=NC4=C(N=CN=C43)N)COC(=O)C5=C(C=C(C(=C5)C(=O)O)C(=O)O)C(=O)O)C,30000.0
151318798,C1=CC(=C(C(=C1)F)O)C(=O)NC2=CC(=CC(=C2)C(F)(F)F)C(F)(F)F,10000.0
58578840,CC(C)OC1=C(C=C(C=C1)NC2=NC(=O)N(C(=O)N2CC3=CC=C(C=C3)Cl)CC(C)(C)C(=O)O)F,30000.0
68020375,CC1=CC=C(C=C1)CN2C(=NC(=O)N(C2=O)CCC(=O)O)NC3=CC(=C(C=C3)OC(C)C)Cl,30000.0
117752163,CC(CN1C(=O)N=C(N(C1=O)CC2=CC=C(C=C2)Cl)NC3=CC=C(C=C3)OC4=CC=CC=N4)C(=O)O,30000.0
89640043,CC(CN1C(=O)N=C(N(C1=O)CC2=CC=C(C=C2)Cl)NC3=CC=C(C=C3)OC4=CC(=NC=C4)F)C(=O)O,30000.0
166630603,CC(CN1C(=O)N=C(N(C1=O)CC2=CC=C(C=C2)Cl)NC3=CC=C(C=C3)OC4=NSC=C4)C(=O)O,30000.0
