cid,canonical_smiles,IC50
11636756,C1=CC(=CC(=C1)NC(=O)NC2=CC=CC(=C2)C(=O)NC3=C(C=CC(=C3)C(=O)NC4=C5C(=CC(=CC5=C(C=C4)S(=O)(=O)[O-])S(=O)(=O)[O-])S(=O)(=O)[O-])F)C(=O)NC6=C(C=CC(=C6)C(=O)NC7=C8C(=CC(=CC8=C(C=C7)S(=O)(=O)[O-])S(=O)(=O)[O-])S(=O)(=O)[O-])F.[Na+].[Na+].[Na+].[Na+].[Na+].[Na+],1000.0
71457339,C1=CC=C2C(=C1)N(C3=CC=CC=C3O2)C(=O)C4=CC=C(C=C4)Cl,5290.0
2320735,CC1=CC=C(C=C1)S(=O)(=O)N2C3=CC=CC=C3OC4=CC=CC=C42,1380.0
71457337,C1=CC=C(C=C1)CCNC(=O)N2C3=CC=CC=C3OC4=CC=CC=C42,1780.0
71459185,C1=CC=C(C=C1)CN2C3=CC=CC=C3C(C4=CC=CC=C42)(C5=CC=CC=C5)O,2440.0
71462708,C1=CC=C2C(=C1)N(C3=CC=CC=C3O2)C(=O)OCC4=CC=C(C=C4)Cl,1020.0
60168729,C1=CC=C(C=C1)COC(=O)N2C3=CC=CC=C3OC4=CC=CC=C42,189.0
71459189,CCCN(CCC)C(=O)N1C2=CC=CC=C2OC3=CC=CC=C31,2690.0
71455545,C1=CC=C(C=C1)CCOC(=O)N2C3=CC=CC=C3OC4=CC=CC=C42,3930.0
20438947,C1=CC=C(C=C1)C(=O)N2C3=CC=CC=C3OC4=CC=CC=C42,4110.0
71450181,COC1=CC=C(C=C1)COC(=O)N2C3=CC=CC=C3OC4=CC=CC=C42,2640.0
43815,C1CNCC(C1C2=CC=C(C=C2)F)COC3=CC4=C(C=C3)OCO4,1870.0
71450180,CC1=CC=C(C=C1)COC(=O)N2C3=CC=CC=C3OC4=CC=CC=C42,2280.0
71462707,CC(C)OC(=O)N1C2=CC=CC=C2OC3=CC=CC=C31,2350.0
148882,C1=CC=C(C=C1)CN2C3=CC=CC=C3C(=O)C4=CC=CC=C42,5970.0
13644344,C1=CC=C2C(=C1)N(C3=CC=CC=C3O2)C(=O)C4=CC=C(C=C4)[N+](=O)[O-],4290.0
9841560,C1C(=O)NC2=C(C(=N1)C3=CC(=CC=C3)Br)OC4=CC=CC=C42,500.0
71455548,CC1CCC(C(C1)OCC(=O)NC2=CC=CC=C2O)C(C)C,3390.0
10882078,C1=CC=C2C(=C1)C(=O)C3=CC=CC=C3N2CC4=CC=C(C=C4)[N+](=O)[O-],2490.0
71462710,C1=CC=C2C(=C1)N(C3=CC=CC=C3O2)C(=O)NCC4=CC=C(C=C4)Cl,9540.0
76324694,CCCN(CCC)C(=O)N1C2=CC=CC=C2C=CC3=CC=CC=C31,7780.0
76310107,C1=CC=C(C=C1)COC(=O)N2C3=CC=CC=C3C=CC4=CC=CC=C42,6020.0
73669299,CC(C)N(C(C)C)C(=O)N1C2=CC=CC=C2C=CC3=CC=CC=C31,3440.0
124125296,C1=CC(=CC(=C1)Cl)OC2=C(C=C(C=C2)NC(=O)CC3=C(C=CC=C3Cl)F)S(=O)(=O)N,9.0
124125420,C1=CC=C(C=C1)COC2=C(C=C(C=C2)NC(=O)CC3=CC=CC=C3Cl)S(=O)(=O)N,2.0
124125341,CC1=CC=CC=C1CC(=O)NC2=CC(=C(C=C2)OC3=CC(=CC=C3)Cl)S(=O)(=O)N,10.0
154731051,C1C(=O)NC2=C(C=CC3=CC=CC=C32)N(C1=O)C4=CC=CC(=C4)C5=NOC(=S)[N-]5.[Na+],260.0
155530831,C1C(=O)NC2=C(C=CC3=CC=CC=C32)N(C1=O)C4=CC=C(C=C4)NC(=O)CC5=CC=CC=C5I,430.0
124125214,C1=CC=C(C=C1)CC(=O)NC2=CC(=C(C=C2)OC3=CC(=CC=C3)Cl)S(=O)(=O)N,320.0
2810999,CC(C)C1=CC(=C(C(=C1)Br)NC(=O)NC2=CN=CC=C2)Br,780.0
136962942,CC1=C(C2=C(C3=CC=CC=C3N2)NC1=O)C4=CC(=CC=C4)C5=NNN=N5,100.0
71657162,C1C(=O)NC2=C(C=CC3=CC=CC=C32)N(C1=O)C4=CC=C(C=C4)NS(=O)(=O)CC5=CC=CC=C5Cl,54.0
124125544,C1=CC=C(C(=C1)CC(=O)NC2=CC(=C(C=C2)OC3=CN=C(N=C3)Cl)S(=O)(=O)N)Cl,2528.0
124125466,CC(C)(C1=CC=C(C=C1)OC2=C(C=C(C=C2)NC(=O)CC3=CC=CC=C3Cl)S(=O)(=O)N)O,376.0
124125239,C1=CC=C(C=C1)OC2=C(C=C(C=C2)NC(=O)CC3=CC=CC=C3Cl)S(=O)(=O)N,10.0
124125475,CC1=CC(=CC=C1)CC(=O)NC2=CC(=C(C=C2)OC3=CC(=CC=C3)Cl)S(=O)(=O)N,52.0
124125553,C1=CC(=CC(=C1)Cl)OC2=C(C=C(C=C2)NC(=O)CC3=CC=C(C=C3)C(F)(F)F)S(=O)(=O)N,1718.0
124125335,C1=CC=C(C(=C1)CC(=O)NC2=CC(=C(C=C2)OC3=CC(=CC=C3)Cl)S(=O)(=O)N)F,76.0
124125305,C1COCC(=O)N1C2=CC=C(C=C2)OC3=C(C=C(C=C3)NC(=O)CC4=CC=CC=C4Cl)S(=O)(=O)N,1681.0
124125238,C1COCCC1COC2=C(C=C(C=C2)NC(=O)CC3=C(C(=CC=C3)F)Cl)S(=O)(=O)N,37.0
124125229,COC1=CC(=CC=C1)OC2=C(C=C(C=C2)NC(=O)CC3=CC=CC=C3Cl)S(=O)(=O)N,8.0
124125284,C1=CC=C(C(=C1)CC(=O)NC2=CC(=C(C=C2)OC3=CC=CC(=C3)N4C=NN=C4)S(=O)(=O)N)Cl,67.0
124125282,CN1C=C(C=N1)OC2=C(C=C(C=C2)NC(=O)CC3=CC=CC=C3Cl)S(=O)(=O)N,185.0
124125495,C1=CC(=CC(=C1)Cl)OC2=C(C=C(C=C2)NC(=O)CC3=C(C=CC=C3Cl)Cl)S(=O)(=O)N,15.0
124125308,C1COCCC1COC2=C(C=C(C=C2)NC(=O)CC3=CC=CC=C3Cl)S(=O)(=O)N,139.0
124125268,C1=CC(=CC(=C1)Cl)OC2=C(C=C(C=C2)NC(=O)CC3=CC=C(C=C3)Cl)S(=O)(=O)N,345.0
124125537,COC1=CC=CC=C1CC(=O)NC2=CC(=C(C=C2)OC3=CC(=CC=C3)Cl)S(=O)(=O)N,2.0
124125309,CC(C)(C1=CC(=CC=C1)OC2=C(C=C(C=C2)NC(=O)CC3=CC=CC=C3Cl)S(=O)(=O)N)O,474.0
124125445,C1CC(C1)COC2=C(C=C(C=C2)NC(=O)CC3=CC=CC=C3Cl)S(=O)(=O)N,5.0
124125228,C1COCC(=O)N1C2=CC(=CC=C2)OC3=C(C=C(C=C3)NC(=O)CC4=CC=CC=C4Cl)S(=O)(=O)N,163.0
124125301,C1COCCN1C(=O)C2=CC(=CC=C2)OC3=C(C=C(C=C3)NC(=O)CC4=CC=CC=C4Cl)S(=O)(=O)N,45.0
124125463,C1=CC=C(C(=C1)CC(=O)NC2=CC(=C(C=C2)OC3=CC(=CC=C3)Cl)S(=O)(=O)N)Cl,92.0
124125480,C1COC1COC2=C(C=C(C=C2)NC(=O)CC3=CC=CC=C3Cl)S(=O)(=O)N,784.0
124125460,C1=CC=C(C(=C1)CC(=O)NC2=CC(=C(C=C2)OC3=CC(=CN=C3)Cl)S(=O)(=O)N)Cl,27.0
124125383,C1=CC(=CC(=C1)Cl)OC2=C(C=C(C=C2)NC(=O)CC3=CC=C(C=C3)F)S(=O)(=O)N,269.0
124125230,CC(C1=CC=CC=C1)C(=O)NC2=CC(=C(C=C2)OC3=CC(=CC=C3)Cl)S(=O)(=O)N,1242.0
124125321,CC(C1=CC=CC=C1Cl)C(=O)NC2=CC(=C(C=C2)OC3=CC(=CC=C3)Cl)S(=O)(=O)N,134.0
124125345,CC1=CC=C(C=C1)CC(=O)NC2=CC(=C(C=C2)OC3=CC(=CC=C3)Cl)S(=O)(=O)N,317.0
124125322,CC(=O)NC1=CC(=CC=C1)OC2=C(C=C(C=C2)NC(=O)CC3=CC=CC=C3Cl)S(=O)(=O)N,93.0
124125387,C1=CC=C(C=C1)CC(=O)NC2=CC(=C(C=C2)OC3=CC=CC=C3Cl)S(=O)(=O)N,1250.0
124125244,C1COCC1C2=CC=C(C=C2)OC3=C(C=C(C=C3)NC(=O)CC4=CC=CC=C4Cl)S(=O)(=O)N,75.0
124125397,C1=CC=C(C(=C1)CC(=O)NC2=CC(=C(C=C2)OC3=CC(=CC=C3)Cl)S(=O)(=O)N)C(F)(F)F,24.0
124125231,C1=CC=C(C(=C1)CC(=O)NC2=CC(=C(C=C2)OC3=CC=C(C=C3)C4=NC=CS4)S(=O)(=O)N)Cl,30.0
124125339,C1COCCC1COC2=C(C=C(C=C2)NC(=O)CC3=CC=CC=C3C(F)(F)F)S(=O)(=O)N,88.0
124125486,C1=CC=C(C(=C1)CC(=O)NC2=CC(=C(C=C2)OC3=CC=CC=N3)S(=O)(=O)N)Cl,441.0
124125439,C1=CC=C(C=C1)CCOC2=C(C=C(C=C2)NC(=O)CC3=CC=CC=C3Cl)S(=O)(=O)N,19.0
124125200,C1COCCC1COC2=C(C=C(C=C2)NC(=O)CC3=C(C=CC(=C3)F)Cl)S(=O)(=O)N,84.0
124125360,CC(C)(C1=CC=CC=C1OC2=C(C=C(C=C2)NC(=O)CC3=CC=CC=C3Cl)S(=O)(=O)N)O,242.0
124125290,C1=CC=C(C(=C1)CC(=O)NC2=CC(=C(C=C2)OC3=CC=CC=C3Cl)S(=O)(=O)N)Cl,13.0
124125351,C1CCC(CC1)OC2=C(C=C(C=C2)NC(=O)CC3=CC=CC=C3Cl)S(=O)(=O)N,39.0
124125246,C1COCCC1COC2=C(C=C(C=C2)NC(=O)CC3=C(C=CC=C3Cl)F)S(=O)(=O)N,13.0
124125444,C1COC(CO1)COC2=C(C=C(C=C2)NC(=O)CC3=CC=CC=C3Cl)S(=O)(=O)N,258.0
124125269,C1COCCC1COC2=C(C=C(C=C2)NC(=O)CC3=CC=CC=C3F)S(=O)(=O)N,597.0
124125330,C1COCCC1COC2=C(C=C(C=C2)NC(=O)CC3=CC=CC=C3C(F)F)S(=O)(=O)N,111.0
124125453,C1=CC=C(C(=C1)CC(=O)NC2=CC(=C(C=C2)OCC3=CC=CC=N3)S(=O)(=O)N)Cl,26.0
124125422,C1COCCC1COC2=C(C=C(C=C2)NC(=O)CC3=C(C=C(C=C3)F)Cl)S(=O)(=O)N,173.0
124125494,C1=CC=C(C(=C1)CC(=O)NC2=CC(=C(C=C2)OC3=CN=CC=C3)S(=O)(=O)N)Cl,193.0
9975090,C1=CC=C(C(=C1)C(=O)NC2=CC(=CC(=C2)C(F)(F)F)C(F)(F)F)O,155.0
29035588,C1=CC(=C(C=C1Cl)C(=O)NC2=CC(=CC(=C2)F)F)O,155.0
23070355,C1=CC(=C(C=C1Cl)O)C(=O)NC2=CC(=CC(=C2)C(F)(F)F)C(F)(F)F,209.0
11741624,C1=CC=C2C(=C1)C=CC(=C2O)C(=O)NC3=CC(=CC(=C3)C(F)(F)F)C(F)(F)F,729.0
5081913,C1=CC(=C(C=C1Cl)C(=O)NC2=CC(=CC(=C2)C(F)(F)F)C(F)(F)F)O,156.0
2804666,C1=CC(=C(C=C1Cl)C(=O)NC2=CC(=CC(=C2)Cl)Cl)O,712.0
71381242,C1=CC(=C(C(=C1)Cl)O)C(=O)NC2=CC(=CC(=C2)C(F)(F)F)C(F)(F)F,48.800000000000004
20196,C1=CC(=CC(=C1)Cl)NC(=O)C2=C(C=CC(=C2)Cl)O,135.0
5065884,C1=CC(=CC(=C1)NC(=O)C2=C(C=CC(=C2)Cl)O)C(F)(F)F,537.0
5274059,C1=CC(=CC=C1C(F)(F)F)NC(=O)C2=C(C=CC(=C2)Cl)O,1500.0
156015171,C1=CC(=C(C=C1Cl)C(=O)NC2=CC(=CC(=C2)C(F)(F)F)[N+](=O)[O-])O,42.6
90467334,C1C(=O)NC2=C(C=CC3=CC=CC=C32)N(C1=O)C4=CC=C(C=C4)N5C(=NN=N5)CC6=CC=CC=C6O,37.0
90467462,C1C(=O)NC2=C(C=CC3=CC=CC=C32)N(C1=O)C4=CC=C(C=C4)N5C(=NN=N5)CCC6=CC=CC=C6,44.0
86763274,C1C(=O)NC2=C(C=CC3=CC=CC=C32)N(C1=O)C4=CC=C(C=C4)N5C=CN=C5CCC6=CC=CC=C6,78.0
121330593,CN(C)C1=CC=CC=C1CC2=NN=NN2C3=CC=C(C=C3)N4C(=O)CC(=O)NC5=C4C=CC6=CC=CC=C65,94.0
121330725,C1C(=O)NC2=C(C=CC3=CC=CC=C32)N(C1=O)C4=CC=C(C=C4)C5=C(N=CN5)C6=CC=CC=C6,3400.0
121330590,C1C(=O)NC2=C(C=CC3=CC=CC=C32)N(C1=O)C4=CC=C(C=C4)C5=NC=CN5CC6=CC=C(C=C6)Cl,300.0
121330638,COC1=CC=CC(=C1)CCC2=NC=CN2C3=CC=C(C=C3)N4C(=O)CC(=O)NC5=C4C=CC6=C5CCC6,74.0
121330706,C1C(=O)NC2=C(C=CC3=CC=CC=C32)N(C1=O)C4=CC=C(C=C4)N5C=CN=C5CCC6=CC(=CC=C6)C(F)(F)F,550.0
121330744,C1C(=O)NC2=C(C=CC3=CC=CC=C32)N(C1=O)C4=CC=C(C=C4)N5C=CN=C5COC6=CC=CC=C6,790.0
145713379,C1C(=O)NC2=C(C=CC3=CC=CC=C32)N(C1=O)C4=CC=C(C=C4)C5=CN(C=N5)CCC6=CC=CC=C6,320.0
145713380,C1C(=O)NC2=C(C=CC3=CC=CC=C32)N(C1=O)C4=CN=C(C=C4)N5C(=NN=N5)CC6=CC=CC=C6O,77.0
90467335,C1C(=O)NC2=C(C=CC3=CC=CC=C32)N(C1=O)C4=CC=C(C=C4)N5C(=NN=N5)CCC6=CN=CC=C6,380.0
121330609,COC1=CC=CC=C1CC2=NN=NN2C3=CC=C(C=C3)C4=NCC(=O)NC5=C4C=CC6=CC=CC=C65,320.0
137018806,C1C(=O)NC2=C(C=CC3=CC=CC=C32)N(C1=O)C4=CC(=C(C=C4)C5=NC=CN5CCC6=CC=CC=C6)O,130.0
121330617,C1C(=O)NC2=C(C=CC3=CC=CC=C32)N(C1=O)C4=CC=C(C=C4)C5=NC=CN5CCC6=CC=CC=C6,91.0
121330709,C1CC2=C(C1)C3=C(C=C2)N(C(=O)CC(=O)N3)C4=CC=C(C=C4)N5C=CN=C5CCC6=CC=CC=C6F,53.0
121330597,CC1(CN(C(=N1)CCC2=CC=CC=C2)C3=CC=C(C=C3)N4C(=O)CC(=O)NC5=C4C=CC6=CC=CC=C65)C,2500.0
121330640,COC1=C(C=CC(=C1)N2C(=O)CC(=O)NC3=C2C=CC4=CC=CC=C43)C5=NC=CN5CCC6=CC=CC=C6,520.0
121330634,COC1=CC=CC(=C1)CCN2C=CN=C2C3=CC=C(C=C3)N4C(=O)CC(=O)NC5=C4C=CC6=CC=CC=C65,82.0
121330637,C1C(=O)NC2=C(C=CC3=CC=CC=C32)N(C1=O)C4=CC=C(C=C4)N5C=CN=C5CCC6=CC(=CC=C6)C(=O)N,130.0
121330639,C1C(=O)NC2=C(C=CC3=CC=CC=C32)N(C1=O)C4=CC=C(C=C4)N5C=CN=C5CCC6=CC=CC=C6C(=O)N,340.0
121330749,COC1=C(C=CC=C1F)CCC2=NC=CN2C3=CC=C(C=C3)N4C(=O)CC(=O)NC5=C4C=CC6=CC=CC=C65,87.0
121330643,COC1=CC=CC(=C1)CCC2=NC=CN2C3=CC=C(C=C3)N4C(=O)CC(=O)NC5=C4C=CC6=CC=CC=C65,92.0
121330690,COC1=CC=CC=C1CCC2=NC=CN2C3=CC=C(C=C3)N4C(=O)CC(=O)NC5=C4C=CC6=CC=CC=C65,180.0
121330707,C1C(=O)NC2=C(C=CC3=CC=CC=C32)N(C1=O)C4=CC=C(C=C4)C5=NC=CN5CCC6=CC(=CC=C6)O,78.0
121330589,CC(C)(CC1=NN=NN1C2=CC=C(C=C2)N3C(=O)CC(=O)NC4=C3C=CC5=CC=CC=C54)C6=CC=CC=N6,5400.0
4691,C1CNCC(C1C2=CC=C(C=C2)F)COC3=CC4=C(C=C3)OCO4,4000.0
121330616,C1C(=O)NC2=C(C=CC3=CC=CC=C32)N(C1=O)C4=CC=C(C=C4)N5C=CN=C5CCC6=CC=CC=N6,590.0
121330673,C1C(=O)NC2=C(C=CC3=CC=CC=C32)N(C1=O)C4=CC=C(C=C4)N5C=CN=C5CCC6=CC(=CC=C6)F,51.0
121330681,C1C(=O)NC2=C(C=CC3=CC=CC=C32)N(C1=O)C4=CC=C(C=C4)C5=NC=CN5CC6=CC=CC=C6C(=O)N,590.0
121330692,C1CC2=C(C1)C3=C(C=C2)N(C(=O)CC(=O)N3)C4=CC=C(C=C4)N5C=CN=C5CCC6=CC(=CC=C6)F,39.0
121330587,C1C(=O)NC2=C(C=CC3=CC=CC=C32)N(C1=O)C4=CC=C(C=C4)N5C=CN=C5CCC6=CC=CO6,550.0
121330625,C1C(=O)NC2=C(C=CC3=CC=CC=C32)C(=N1)C4=CC=C(C=C4)N5C=CN=C5CCC6=CC=CC=C6,650.0
121330716,C1C(=O)NC2=C(C=CC3=CC=CC=C32)C(=N1)C4=CC=C(C=C4)N5C(=NN=N5)CCC6=CC=CC=C6,630.0
121330622,C1C(=O)NC2=C(C=CC3=CC=CC=C32)N(C1=O)C4=CC=C(C=C4)N5C=CN=C5CCC6=CC=CC=C6C#N,190.0
121330700,COC1=CC=CC=C1CC2=NN=NN2C3=CC=C(C=C3)N4C(=O)CC(=O)NC5=C4C=CC6=CC=CC=C65,25.0
121330715,C1C(=O)NC2=C(C=CC3=CC=CC=C32)N(C1=O)C4=CC=C(C=C4)N5C=CN=C5CNC6=CC=CC=C6,1300.0
121330578,C1C(=O)NC2=C(C=CC3=CC=CC=C32)N(C1=O)C4=CC=C(C=C4)N5C=CN=C5C6=CC=CC=C6,3700.0
121330674,C1C(=O)NC2=C(C=CC3=CC=CC=C32)N(C1=O)C4=CC=C(C=C4)N5C=CN=C5CCC6=CSC=C6,88.0
121330689,C1C(=O)NC2=C(C=CC3=CC=CC=C32)N(C1=O)C4=CC=C(C=C4)N5C=CN=C5CCC6=CC(=CC=C6)O,53.0
121330584,CC1=C(C(=CC=C1)C)CCC2=NC=CN2C3=CC=C(C=C3)N4C(=O)CC(=O)NC5=C4C=CC6=CC=CC=C65,79.0
121330628,COC1=CC=CC=C1C2=NC=CN2C3=CC=C(C=C3)N4C(=O)CC(=O)NC5=C4C=CC6=CC=CC=C65,1700.0
122483632,CC1=NC(=CC=C1)CCC2=NN=NN2C3=CC=C(C=C3)N4C(=O)CC(=O)NC5=C4C=CC6=CC=CC=C65,270.0
146047750,C1CCC2C(C1)CCC3C2NC(=O)CC(=O)N3C4=CC=C(C=C4)NC(=O)CC5=CC=CC=C5I,1800.0
146047749,C1C(=O)NC2=C(C=CC3=CC=CC=C32)N(C1=O)C4=CC=C(C=C4)NCC5=CC=CC=C5I,430.0
71657163,C1C(=O)NC2=C(C=CC3=CC=CC=C32)C(=N1)C4=CC=C(C=C4)NS(=O)(=O)CC5=CC=CC=C5Cl,440.0
71657375,CN(C1=CC=C(C=C1)N2C(=O)CC(=O)NC3=C2C=CC4=C3CCCC4)S(=O)(=O)CC5=CC=CC=C5Cl,970.0
71657159,C1C(=O)NC2=C(C=CC3=CC=CC=C32)N(C1=O)C4=CC=C(C=C4)NC(=O)NC5=CC=CC=C5,1200.0
71657067,C1C(=O)NC2=C(C=CC3=CC=CC=C32)N(C1=O)C4=CC=C(C=C4)NC(=O)CC5=CC=CC=C5Cl,540.0
6093160,C1=CC(=CC(=C1)NC(=O)NC2=CC=CC(=C2)C(=O)NC3=C4C(=CC(=CC4=C(C=C3)S(=O)(=O)[O-])S(=O)(=O)[O-])S(=O)(=O)[O-])C(=O)NC5=C6C(=CC(=CC6=C(C=C5)S(=O)(=O)[O-])S(=O)(=O)[O-])S(=O)(=O)[O-].[Na+].[Na+].[Na+].[Na+].[Na+].[Na+],100000.0
4881,CC1=C(C(=C(C(=N1)N=NC2=C(C=C(C=C2)S(=O)(=O)O)S(=O)(=O)O)COP(=O)(O)O)C=O)O,27500.0
24883277,CC(C)C1=CC(=C(C=C1OC2=CN=C(N=C2N)NC(CO)CO)I)OC,10000.0
15953802,CC(C)C1=CC(=C(C=C1OC2=CN=C(N=C2N)N)I)OC,10000.0
46175179,CC(CN1CCN(CC1)C(=O)C)NC(=O)C2=CC3=C(S2)N(N=C3C4=CC=CC=C4)C,10000.0
46231312,CCCC1=C(OC(=N1)C2=CC=CC=C2)C(=O)NC(C)CN3CCN(CC3)C4=NC=CC=N4,10000.0
44579818,COC1=CC=C(C=C1)CN2C3=CC=CC=C3C(=O)C4=CC=CC=C42,10300.0
71450182,CC(C)NC(=O)N1C2=CC=CC=C2OC3=CC=CC=C31,10000.0
71450183,C1CCN(CC1)C(=O)N2C3=CC=CC=C3OC4=CC=CC=C42,10700.0
71453817,C1=CC=C(C=C1)CNC(=O)N2C3=CC=CC=C3OC4=CC=CC=C42,10000.0
71457335,C1=CC=C2C(=C1)N(C3=CC=CC=C3O2)C(=O)OCC4=CC=C(C=C4)[N+](=O)[O-],10000.0
71013,C1=CC=C2C(=C1)C(=C3C=CC=CC3=N2)Cl,10000.0
71462711,CN1CCN(CC1)C(=O)N2C3=CC=CC=C3OC4=CC=CC=C42,10000.0
71452007,COC(=O)N1C2=CC=CC=C2OC3=CC=CC=C31,52300.0
19878631,C1=CC=C(C=C1)COC(=O)NC2=CC=CC=C2O,10000.0
71452009,C1=CC=C(C=C1)CC(=O)N2C3=CC=CC=C3OC4=CC=CC=C42,10000.0
71455546,C1=CC=C(C=C1)CCSC(=O)N2C3=CC=CC=C3OC4=CC=CC=C42,10000.0
71459186,C1COCCN1C(=O)N2CCOC3=CC=CC=C32,10000.0
12286268,C1COCCN1C(=O)NC2=CC=CC=C2O,10000.0
71452008,C1COC2=CC=CC=C2N1C(=O)OCC3=CC=CC=C3,10000.0
71452010,CN(C)CCCNC(=O)N1C2=CC=CC=C2OC3=CC=CC=C31,10000.0
71453815,C1=CC=C(C=C1)CS(=O)(=O)N2C3=CC=CC=C3OC4=CC=CC=C42,10000.0
3304561,CC(=O)N1C2=CC=CC=C2OC3=CC=CC=C31,10000.0
71460975,CC1=CC=C(C=C1)CN2C3=CC=CC=C3C(=O)C4=CC=CC=C42,11800.0
71460976,C1=CC=C2C(=C1)N(C3=CC=CC=C3O2)C(=O)NCC4=CC(=CC(=C4)Cl)Cl,10000.0
71455550,CCN(CC)C(=O)N1C2=CC=CC=C2OC3=CC=CC=C31,17400.0
71459187,C1=CC=C2C(=C1)N(C3=CC=CC=C3O2)C(=O)N,10000.0
12540726,C1=CC=C2C(=C1)N(C3=CC=CC=C3O2)C(=O)Cl,23200.0
71459190,C1COCCN1C(=O)N2C3=CC=CC=C3OC4=CC=CC=C42,10000.0
71460977,CN(C)C(=O)N1C2=CC=CC=C2OC3=CC=CC=C31,24600.0
231766,C1=CC=C(C=C1)C(=O)NC2=CC=CC=C2O,10000.0
71457338,CC(C)N(C(C)C)C(=O)N1C2=CC=CC=C2OC3=CC=CC=C31,12400.0
2823798,C1COC2=CC=CC=C2N1C(=O)C3=CC=CC=C3,10000.0
40456486,C1=CC=C(C=C1)C(=O)NC2=CC=CC=C2OCCOC3=CC=CC=C3NC(=O)C4=CC=CC=C4,10000.0
71462709,C1=CC=C2C(=C1)N(C3=CC=CC=C3O2)C(=O)C4=CC=C(C=C4)N,10800.0
5287422,C1=C(C2(C(=CC1=[N+]([O-])[O-])[N+](=O)[O-])OC3C(OC(C3O2)N4C=NC5=C(N=CN=C54)N)COP(=O)(O)OP(=O)(O)OP(=O)(O)O)[N+](=O)[O-],15200.0
71324548,C1=CC=C(C=C1)CN2C3=CC=CC=C3OC4=CC=CC=C42,10000.0
71457336,CC1CCC(C(C1)OCC(=O)NC2=CC=CC=C2OCCBr)C(C)C,10000.0
12231013,C1=CC=C(C=C1)C(=O)N2C3=CC=CC=C3C(=O)C4=CC=CC=C42,26900.0
71455547,CCN(CC)C(=O)N1C2=CC=CC=C2C(=O)C3=CC=CC=C31,39100.0
71453816,CNC(=O)N1C2=CC=CC=C2OC3=CC=CC=C31,10000.0
71455549,C1CCC(CC1)NC(=O)N2C3=CC=CC=C3OC4=CC=CC=C42,10000.0
71459188,CN1CCC(CC1)NC(=O)N2C3=CC=CC=C3OC4=CC=CC=C42,45800.0
779113,C1CCN(C1)C(=O)N2C3=CC=CC=C3C=CC4=CC=CC=C42,34100.0
76313803,CC(C)COC(=O)N1C2=CC=CC=C2C=CC3=CC=CC=C31,100000.0
76321046,CCCCNC(=O)N1C2=CC=CC=C2C=CC3=CC=CC=C31,100000.0
76335511,C1=CC=C(C=C1)CCNC(=O)N2C3=CC=CC=C3C=CC4=CC=CC=C42,36200.0
76335512,C1=CC=C(C=C1)CNC(=O)N2C3=CC=CC=C3C=CC4=CC=CC=C42,78900.0
921624,C1CCC(CC1)NC(=O)N2C3=CC=CC=C3C=CC4=CC=CC=C42,33800.0
129274,C1=CC=C2C(=C1)C=CC3=C(N2C(=O)N)C=CC(=C3)O,146000.0
3136467,CN(C)CCCNC(=O)N1C2=CC=CC=C2C=CC3=CC=CC=C31,100000.0
69601968,C1=CC=C2C(=C1)C=C(C3=CC=CC=C3N2C(=O)N)N,10000.0
76321049,C1CN(CCC1O)C(=O)N2C3=CC=CC=C3C=CC4=CC=CC=C42,100000.0
76324695,CC(C)N(C(C)C)C(=O)C1=CC=CC2=C1NC3=CC=CC=C3C=C2,30600.0
76331935,CC(C)NC(=O)N1C2=CC=CC=C2C=CC3=CC=CC=C31,19200.0
19099,C1CC2=CC=CC=C2N(C3=CC=CC=C31)C(=O)N,100000.0
746996,C1CCN(CC1)C(=O)N2C3=CC=CC=C3C=CC4=CC=CC=C42,13700.0
76321048,C1=CC=C2C(=C1)C=CC3=CC=CC=C3N2C(=O)N(CCO)CCO,100000.0
76324696,C1=CC=C2C(=C1)C=CC3=C(N2C(=O)N)C=C(C=C3)C(F)(F)F,54600.0
4281839,C1=CC=C(C=C1)NC(=O)N2C3=CC=CC=C3C=CC4=CC=CC=C42,100000.0
34312,C1C2=CC=CC=C2N(C3=CC=CC=C3C1=O)C(=O)N,10000.0
76313802,CCN(CC)C(=O)N1C2=CC=CC=C2C=CC3=C1C(=CC=C3)C(=O)N(C(C)C)C(C)C,52500.0
76331933,C1=CC=C2C(=C1)C=CC3=CC=CC=C3N2C(=O)NC4=CC=NC=C4,100000.0
2847675,CCOC1CC2=CC=CC=C2N(C3=CC=CC=C13)C(=O)N,100000.0
2554,C1=CC=C2C(=C1)C=CC3=CC=CC=C3N2C(=O)N,100000.0
67474845,C1=CC=C2C(=C1)C=CC3=C(N2C(=O)N)C=CC(=C3)F,100000.0
76317322,C1CC(CCC1NC(=O)N2C3=CC=CC=C3C=CC4=CC=CC=C42)O,20000.0
76317323,CN(C)C1=CC2=C(C=CC3=CC=CC=C3N2C(=O)N)C=C1,15300.0
76317321,CC(C)(C)NC(=O)N1C2=CC=CC=C2C=CC3=CC=CC=C31,13800.0
76310105,CN(C)CCN(C)C(=O)N1C2=CC=CC=C2C=CC3=CC=CC=C31,100000.0
76310106,C1CC(CCC1N)NC(=O)N2C3=CC=CC=C3C=CC4=CC=CC=C42,10000.0
12323384,C1=CC=C(C=C1)CN2C3=CC=CC=C3C=CC4=CC=CC=C42,100000.0
76328256,C1=CC=C2C(=C1)C=CC3=C(N2C(=O)N)C=C(C=C3)F,100000.0
70515212,COC1=CC2=C(C=CC3=CC=CC=C3N2C(=O)N)C=C1,100000.0
76331932,CN(C)C(=O)N1C2=CC=CC=C2C=CC3=CC=CC=C31,100000.0
571066,C1=CC=C(C=C1)C(=O)N2C3=CC=CC=C3C=CC4=CC=CC=C42,23300.0
738915,CNC(=O)N1C2=CC=CC=C2C=CC3=CC=CC=C31,100000.0
179344,CC(=O)OC1CC2=CC=CC=C2N(C3=CC=CC=C13)C(=O)N,20000.0
2555,C1=CC=C2C(=C1)C3C(O3)C4=CC=CC=C4N2C(=O)N,10000.0
606375,CC(=O)N1C2=CC=CC=C2C=CC3=CC=CC=C31,100000.0
114709,C1C(C2=CC=CC=C2N(C3=CC=CC=C31)C(=O)N)O,100000.0
120031,COC1=CC2=CC=CC=C2N(C3=CC=CC=C31)C(=O)N,100000.0
59586810,CC1=CC2=C(C=C1)C=CC3=CC=CC=C3N2C(=O)N,100000.0
766793,CCN(CC)C(=O)N1C2=CC=CC=C2C=CC3=CC=CC=C31,11400.0
76324697,C1=CC=C2C(=C1)C=CC3=C2C=CC4=CC=CC=C4N3C(=O)N,51400.0
2893185,COC(=O)N1C2=CC=CC=C2C=CC3=CC=CC=C31,100000.0
135290,C1=CC=C2C(=C1)C=CC3=C(N2C(=O)N)C=C(C=C3)O,72800.0
76317324,COC1=CC=C(C=C1)CCNC(=O)N2C3=CC=CC=C3C=CC4=CC=CC=C42,27400.0
76321047,CN1CCC(CC1)NC(=O)N2C3=CC=CC=C3C=CC4=CC=CC=C42,100000.0
76328255,CNC1=CC2=CC=CC=C2N(C3=CC=CC=C31)C(=O)N,36900.0
779112,C1COCCN1C(=O)N2C3=CC=CC=C3C=CC4=CC=CC=C42,100000.0
76331934,CCN(CC)C(=O)N1C2=CC=CC=C2C=CC3=C1C=NC=C3,100000.0
46832336,CC1=CC(=C(C=C1NC(=O)C2=CNC(=O)CC2C3=CC=C(C=C3)F)OCCO)Cl,10000.0
145960885,COC1=CC=C(C=C1)C(=C2C(N(C(=O)C2=O)C3=CC=C(C=C3)C4=NOC=C4)C5CCCCC5)O,30000.0
155540682,C1CC1(C2=CC=CC=C2Cl)C(=O)NC3=CC(=C(C=C3)OC4=CC(=CC=C4)Cl)S(=O)(=O)N,25000.0
155559078,C1OC2C(OC(C2O1)N3C=NC4=C(N=CN=C43)N)COP(=O)(O)OP(=O)(O)OP(=O)(O)O.N.N.N.N,100000.0
155514310,CC1(OC2C(O1)C(OC2C(=O)NC(CCC(=O)O)C(=O)O)N3C=NC4=C(N=CN=C43)N)C,100000.0
155529242,CC1(OC2C(OC(C2O1)N3C=NC4=C(N=CN=C43)N)COP(=O)(O)OP(=O)(O)OP(=O)(O)O)C.N.N.N.N,48000.0
155529713,C1=CC=C(C=C1)C2OC3C(OC(C3O2)N4C=NC5=C(N=CN=C54)N)COP(=O)(O)OP(=O)(O)OP(=O)(O)O.N.N.N.N,11000.0
155529971,C1CCC2(CC1)OC3C(OC(C3O2)N4C=NC5=C(N=CN=C54)N)COP(=O)(CP(=O)(O)OP(=O)(O)O)O.N.N.N.N,100000.0
155543044,C1CCC2(CC1)OC3C(OC(C3O2)N4C=NC5=C(N=CN=C54)N)COP(=O)(O)OP(=O)(O)OP(=O)(O)O.N.N.N.N,29600.0
155526224,C1=CC=C(C=C1)C2OC3C(OC(C3O2)N4C=NC5=C(N=CN=C54)N)COP(=O)(O)OP(=O)(O)OP(=O)(O)O.N.N.N.N,12400.0
155562454,CC1(OC2C(OC(C2O1)N3C=NC4=C(N=CN=C43)N)COC(=O)C5=C(C=C(C(=C5)C(=O)O)C(=O)O)C(=O)O)C,30000.0
151318798,C1=CC(=C(C(=C1)F)O)C(=O)NC2=CC(=CC(=C2)C(F)(F)F)C(F)(F)F,10000.0
58578840,CC(C)OC1=C(C=C(C=C1)NC2=NC(=O)N(C(=O)N2CC3=CC=C(C=C3)Cl)CC(C)(C)C(=O)O)F,30000.0
68020375,CC1=CC=C(C=C1)CN2C(=NC(=O)N(C2=O)CCC(=O)O)NC3=CC(=C(C=C3)OC(C)C)Cl,30000.0
117752163,CC(CN1C(=O)N=C(N(C1=O)CC2=CC=C(C=C2)Cl)NC3=CC=C(C=C3)OC4=CC=CC=N4)C(=O)O,30000.0
89640043,CC(CN1C(=O)N=C(N(C1=O)CC2=CC=C(C=C2)Cl)NC3=CC=C(C=C3)OC4=CC(=NC=C4)F)C(=O)O,30000.0
166630603,CC(CN1C(=O)N=C(N(C1=O)CC2=CC=C(C=C2)Cl)NC3=CC=C(C=C3)OC4=NSC=C4)C(=O)O,30000.0
